DateTime,GloRad (W/m2),Wind Speed (m/s),Relative Humidity (0 - 1),Air Temp (*C)
07/01/2013 0:00,0,0.65999975,0.80423,10.583
07/01/2013 1:00,0.100063365,0.61138775,0.76821,11.335
07/01/2013 2:00,0,0.92923475,0.79572,10.559
07/01/2013 3:00,0.100063365,1.00402225,0.79498,10.218
07/01/2013 4:00,1.9012035,0.459943,0.88824,8.501
07/01/2013 5:00,45.52882021,0.8881015,0.87713,8.969
07/01/2013 6:00,247.1564379,1.217831378,0.75321,12.301
07/01/2013 7:00,411.9607922,0.339650804,0.61971,14.864
07/01/2013 8:00,577.7657331,0.438851091,0.58547,16.698
07/01/2013 9:00,759.5808294,1.04452803,0.57685,17.601
07/01/2013 10:00,314.0988036,0.803056418,0.58828,17.53
07/01/2013 11:00,381.5415054,0.91845823,0.54975,18.743
07/01/2013 12:00,454.787866,0.751605073,0.51704,19.314
07/01/2013 13:00,769.1868884,0.82585608,0.50692,20.864
07/01/2013 14:00,631.4997569,0.699797851,0.53429,20.721
07/01/2013 15:00,566.358447,0.567058013,0.4655,22.492
07/01/2013 16:00,331.7099832,0.34028325,0.52343,21.222
07/01/2013 17:00,381.7416227,0.7142205,0.50387,21.414
07/01/2013 18:00,250.3584861,0.871402881,0.49727,21.677
07/01/2013 19:00,108.3686184,0.734808658,0.55858,20.339
07/01/2013 20:00,3.602280271,0.001869688,0.73761,17.815
07/01/2013 21:00,0,0,0.81451,16.508
07/01/2013 22:00,0,0,0.87755,13.741
07/01/2013 23:00,0.100063365,0.3683285,0.91088,12.565
07/02/2013 0:00,0,0.38702525,0.92416,11.843
07/02/2013 1:00,0.100063365,0,0.95068,10.583
07/02/2013 2:00,0,0,0.94793,10.315
07/02/2013 3:00,0.100063365,0,0.96711,9.73
07/02/2013 4:00,1.801139707,0,0.9718,9.24
07/02/2013 5:00,40.72578213,0,0.97952,9.411
07/02/2013 6:00,228.9449064,0.185099075,0.9277,12.011
07/02/2013 7:00,396.751106,0.0467422,0.78318,15.674
07/02/2013 8:00,559.1538813,0.785647061,0.68418,18.291
07/02/2013 9:00,698.8423572,1.209086645,0.66001,20.339
07/02/2013 10:00,804.7093807,2.285731674,0.58939,21.964
07/02/2013 11:00,884.960361,1.517754442,0.55749,23.19
07/02/2013 12:00,896.3671333,1.695312749,0.50623,24.132
07/02/2013 13:00,884.3600947,1.471587775,0.50665,24.69
07/02/2013 14:00,826.7233124,1.857597205,0.44565,26.129
07/02/2013 15:00,122.7777497,0.52581772,0.48941,24.69
07/02/2013 16:00,129.6820966,0.378735239,0.66128,22.444
07/02/2013 17:00,122.0772963,0.31784675,0.70834,22.132
07/02/2013 18:00,92.85879897,0,0.78171,21.749
07/02/2013 19:00,54.03419979,0,0.78792,21.294
07/02/2013 20:00,3.001900083,0,0.86742,18.006
07/02/2013 21:00,0,0.001869688,0.92927,16.317
07/02/2013 22:00,0,0,0.95896,15.079
07/02/2013 23:00,0.100063365,0.412976683,0.97685,14.458
07/03/2013 0:00,0.100063365,0,0.94966,13.406
07/03/2013 1:00,0,0.179499738,0.96226,13.022
07/03/2013 2:00,0,0.034475334,0.959,12.373
07/03/2013 3:00,0,0,0.9614,11.649
07/03/2013 4:00,1.100696583,0.001869688,0.95832,10.972
07/03/2013 5:00,38.62444762,0,0.9836,10.802
07/03/2013 6:00,226.8435462,0,0.93576,13.334
07/03/2013 7:00,397.4515594,0.145835625,0.84514,17.245
07/03/2013 8:00,547.1463289,0.73960499,0.71232,20.029
07/03/2013 9:00,419.0652564,0.714230466,0.67998,20.864
07/03/2013 10:00,598.5788752,1.385901288,0.6187,22.492
07/03/2013 11:00,729.2615584,2.59877758,0.5376,24.398
07/03/2013 12:00,648.2102801,1.82389525,0.52361,24.787
07/03/2013 13:00,888.5628151,2.335244997,0.51281,26.203
07/03/2013 14:00,802.0076686,1.919845106,0.49265,25.958
07/03/2013 15:00,699.142576,1.893805306,0.43915,26.154
07/03/2013 16:00,551.0488305,2.200462361,0.3696,26.522
07/03/2013 17:00,236.6498082,1.742614862,0.40952,25.738
07/03/2013 18:00,99.86324734,0.417677417,0.48603,24.302
07/03/2013 19:00,49.73148067,0.35711025,0.62277,22.372
07/03/2013 20:00,2.601646625,0.0467422,0.70714,19.767
07/03/2013 21:00,0,0,0.8311,17.126
07/03/2013 22:00,0,0,0.87604,15.46
07/03/2013 23:00,0.100063365,0.185099075,0.89653,14.864
07/04/2013 0:00,0,0,0.90096,14.936
07/04/2013 1:00,0,0.59082125,0.88007,15.126
07/04/2013 2:00,0,0.58708175,0.88108,15.436
07/04/2013 3:00,0,0.001869688,0.86722,15.722
07/04/2013 4:00,1.400887105,0,0.89927,15.222
07/04/2013 5:00,42.42685634,0,0.93338,14.84
07/04/2013 6:00,217.7378233,0.170141575,0.86329,17.173
07/04/2013 7:00,338.2140955,1.149299747,0.70889,20.697
07/04/2013 8:00,547.7466808,1.669735682,0.60391,22.805
07/04/2013 9:00,692.4382607,1.57160771,0.55772,23.769
07/04/2013 10:00,389.346423,0.495308415,0.57693,23.094
07/04/2013 11:00,440.4788361,0.155858386,0.54217,24.957
07/04/2013 12:00,358.1266669,0.4874008,0.52536,24.908
07/04/2013 13:00,769.587123,1.315304853,0.57855,25.811
07/04/2013 14:00,356.7257601,1.103274187,0.57779,25.103
07/04/2013 15:00,170.3077944,1.288517221,0.57026,24.86
07/04/2013 16:00,434.6750916,1.022575503,0.54272,25.566
07/04/2013 17:00,395.650418,1.962535188,0.53452,25.347
07/04/2013 18:00,204.1292468,1.931578253,0.55962,24.641
07/04/2013 19:00,57.63648263,0.198583338,0.58486,23.624
07/04/2013 20:00,3.902469937,1.06011275,0.6806,20.386
07/04/2013 21:00,0,0.108441875,0.77221,18.529
07/04/2013 22:00,0,0.27110475,0.82877,17.197
07/04/2013 23:00,0,0,0.84652,16.174
07/05/2013 0:00,0,0.005609063,0.87002,15.651
07/05/2013 1:00,0.100063365,0.7273085,0.89355,14.625
07/05/2013 2:00,0,0.75909325,0.89175,14.649
07/05/2013 3:00,0,0.170141575,0.87454,15.508
07/05/2013 4:00,0.80050666,0.248668425,0.94111,13.597
07/05/2013 5:00,27.01710417,0,0.95155,14.028
07/05/2013 6:00,226.543413,0.335675362,0.78951,19.481
07/05/2013 7:00,137.4870142,1.284805825,0.66416,21.174
07/05/2013 8:00,180.3141737,2.473195156,0.66757,21.246
07/05/2013 9:00,692.0380261,2.700380665,0.55903,23.6
07/05/2013 10:00,797.2045963,2.64326812,0.52561,24.398
07/05/2013 11:00,870.2508396,2.153576441,0.49654,25.249
07/05/2013 12:00,941.1961509,3.127309261,0.44884,26.08
07/05/2013 13:00,680.830943,4.054692345,0.44977,25.762
07/05/2013 14:00,801.8074656,2.875766894,0.4662,26.203
07/05/2013 15:00,674.3268307,2.609754302,0.45428,26.817
07/05/2013 16:00,446.4826123,2.752592078,0.49669,25.615
07/05/2013 17:00,404.4560077,1.840514475,0.52825,24.933
07/05/2013 18:00,255.5617931,3.078759709,0.5196,24.398
07/05/2013 19:00,63.84041038,1.520396236,0.55839,22.949
07/05/2013 20:00,2.601646625,1.071396254,0.62796,21.653
07/05/2013 21:00,0.100063365,1.589504828,0.65337,21.342
07/05/2013 22:00,0,2.729773401,0.65203,20.912
07/05/2013 23:00,0,1.251569744,0.69456,20.267
07/06/2013 0:00,0,0.865534061,0.72138,19.886
07/06/2013 1:00,0.100063365,1.47103049,0.72775,19.719
07/06/2013 2:00,0.100063365,0.3514465,0.74729,19.219
07/06/2013 3:00,0.100063365,0.587129562,0.76886,18.838
07/06/2013 4:00,0.400253373,1.5803018,0.76245,19.052
07/06/2013 5:00,5.503483771,0.848222247,0.75868,19.028
07/06/2013 6:00,44.12793054,2.48319077,0.76268,19.028
07/06/2013 7:00,72.04560542,1.423573833,0.86659,17.768
07/06/2013 8:00,97.46166836,0.998017409,0.88174,17.625
07/06/2013 9:00,427.9709477,1.047634259,0.80771,19.933
07/06/2013 10:00,878.3557191,2.753059767,0.70205,22.564
07/06/2013 11:00,901.2703071,2.513870549,0.65053,23.552
07/06/2013 12:00,736.8664443,1.737938562,0.63737,23.479
07/06/2013 13:00,422.3673205,1.856412393,0.65742,23.697
07/06/2013 14:00,785.3971612,2.538502091,0.59459,24.714
07/06/2013 15:00,670.7245479,3.24198066,0.56057,25.079
07/06/2013 16:00,528.234344,3.444758168,0.56208,25.249
07/06/2013 17:00,389.346423,2.549980213,0.55346,24.933
07/06/2013 18:00,224.6421702,2.393998156,0.56311,24.253
07/06/2013 19:00,80.45092634,1.107789449,0.62167,23.19
07/06/2013 20:00,3.902469937,0.384996714,0.6926,21.773
07/06/2013 21:00,0.100063365,0.931421507,0.75442,20.625
07/06/2013 22:00,0,0.604866185,0.7595,20.005
07/06/2013 23:00,0.100063365,1.130664897,0.75562,19.933
07/07/2013 0:00,0,0.738242444,0.75763,19.647
07/07/2013 1:00,0,1.706124616,0.74968,19.695
07/07/2013 2:00,0,1.961158703,0.75366,19.528
07/07/2013 3:00,0,1.351482758,0.79912,18.553
07/07/2013 4:00,1.100696583,0.474152895,0.82616,17.887
07/07/2013 5:00,29.81887496,0.169966832,0.82177,17.911
07/07/2013 6:00,192.9221636,0.254421821,0.79122,19.219
07/07/2013 7:00,382.4420761,1.012806336,0.73128,20.792
07/07/2013 8:00,542.7435768,2.096793534,0.68256,22.132
07/07/2013 9:00,658.5168782,2.519030411,0.66525,22.997
07/07/2013 10:00,775.891118,2.431741773,0.63549,24.18
07/07/2013 11:00,858.3431318,2.453725334,0.59389,24.86
07/07/2013 12:00,703.4452266,2.512262567,0.57471,25.127
07/07/2013 13:00,832.82719,2.712623099,0.58458,25.469
07/07/2013 14:00,787.1983026,3.76995784,0.56084,25.689
07/07/2013 15:00,618.7916655,3.161097838,0.53457,25.835
07/07/2013 16:00,500.1165347,2.485041915,0.54027,25.615
07/07/2013 17:00,207.6314281,1.56253655,0.58473,24.957
07/07/2013 18:00,222.9411302,2.751447675,0.57849,24.326
07/07/2013 19:00,65.24130005,2.554780343,0.59421,23.479
07/07/2013 20:00,4.00253373,0.694721695,0.63175,22.108
07/07/2013 21:00,0,0.114708033,0.68956,20.434
07/07/2013 22:00,0.100063365,0.187761696,0.68723,20.124
07/07/2013 23:00,0,0.108908282,0.70901,19.362
07/08/2013 0:00,0.100063365,0.080396575,0.70403,18.886
07/08/2013 1:00,0.100063365,0.452920067,0.70836,18.553
07/08/2013 2:00,0,0.460493891,0.70243,18.029
07/08/2013 3:00,0.100063365,0.428611303,0.68943,17.792
07/08/2013 4:00,2.10133023,0.37956492,0.68991,17.578
07/08/2013 5:00,44.52818228,0.701362249,0.6913,17.697
07/08/2013 6:00,208.8322176,0.721227017,0.67453,18.981
07/08/2013 7:00,381.8417242,1.311134828,0.59343,20.816
07/08/2013 8:00,533.7378697,1.423952146,0.52628,22.372
07/08/2013 9:00,675.9278548,2.348339409,0.51154,23.359
07/08/2013 10:00,781.4946596,3.04084624,0.49512,23.914
07/08/2013 11:00,857.6426784,2.891486661,0.47628,24.447
07/08/2013 12:00,861.2451325,2.608251582,0.45609,25.079
07/08/2013 13:00,848.5371267,2.859411186,0.44812,25.469
07/08/2013 14:00,778.9930647,2.722429363,0.43407,25.713
07/08/2013 15:00,672.7258066,2.460398053,0.44383,25.689
07/08/2013 16:00,533.937987,2.355758765,0.45703,25.591
07/08/2013 17:00,376.238097,2.565442923,0.47191,24.811
07/08/2013 18:00,213.0348524,2.608703486,0.49441,23.866
07/08/2013 19:00,68.94364155,1.500758346,0.53139,22.661
07/08/2013 20:00,3.502216478,0.158923425,0.59882,20.744
07/08/2013 21:00,0,0,0.70377,18.125
07/08/2013 22:00,0,0,0.84554,15.984
07/08/2013 23:00,0,0,0.85048,14.936
07/09/2013 0:00,0,0.6319545,0.77726,16.198
07/09/2013 1:00,0,1.065722,0.803,15.555
07/09/2013 2:00,0,0.58147275,0.81969,15.222
07/09/2013 3:00,0,0.2112747,0.84221,14.291
07/09/2013 4:00,0.700443381,0.733384773,0.82189,14.482
07/09/2013 5:00,27.81760767,1.03393725,0.81119,14.745
07/09/2013 6:00,196.9246811,0,0.8264,16.008
07/09/2013 7:00,376.238097,0.25240775,0.69137,18.529
07/09/2013 8:00,541.6428888,0.360389293,0.58815,21.557
07/09/2013 9:00,680.4307084,0.427946167,0.60897,23.094
07/09/2013 10:00,785.3971612,0.761706529,0.53972,23.672
07/09/2013 11:00,901.5708684,0.858103054,0.54001,24.763
07/09/2013 12:00,967.1120704,1.302344351,0.50267,25.542
07/09/2013 13:00,903.8717465,0.773085887,0.48506,26.056
07/09/2013 14:00,820.3192159,1.023539114,0.4621,26.301
07/09/2013 15:00,737.1666631,0.4038914,0.42725,26.621
07/09/2013 16:00,554.7511292,0.843483876,0.44554,26.596
07/09/2013 17:00,311.0969583,0.841668917,0.44209,26.154
07/09/2013 18:00,98.06210592,1.057555871,0.50028,25.176
07/09/2013 19:00,31.11969742,0.550145697,0.56463,23.383
07/09/2013 20:00,2.701710417,0.132747825,0.73822,19.886
07/09/2013 21:00,0.100063365,0.06917845,0.80471,18.933
07/09/2013 22:00,0,0.170141575,0.79664,18.315
07/09/2013 23:00,0,0,0.83212,17.459
07/10/2013 0:00,0,0.071048125,0.83909,17.126
07/10/2013 1:00,0,0,0.88293,16.317
07/10/2013 2:00,0.100063365,0.65626025,0.86321,15.627
07/10/2013 3:00,0,0.413201,0.88617,14.769
07/10/2013 4:00,0.80050666,1.1966,0.87973,14.649
07/10/2013 5:00,33.02089749,0.6973935,0.89022,14.458
07/10/2013 6:00,115.4730826,0.91053775,0.84395,16.246
07/10/2013 7:00,387.5452816,0.6076485,0.7376,19.862
07/10/2013 8:00,534.538339,0.782097295,0.54446,23.914
07/10/2013 9:00,672.7258066,0.6378266,0.49471,25.322
07/10/2013 10:00,762.0824242,1.007594984,0.42776,25.909
07/10/2013 11:00,800.0064099,0.729398619,0.40684,26.301
07/10/2013 12:00,393.5491434,0.751049012,0.44134,25.786
07/10/2013 13:00,645.7086853,1.829792767,0.41029,26.744
07/10/2013 14:00,763.5833468,1.395404479,0.42422,27.435
07/10/2013 15:00,690.7372208,0.467287238,0.40834,27.385
07/10/2013 16:00,563.3566017,0.433803764,0.37956,27.485
07/10/2013 17:00,369.9341876,1.345007147,0.39373,27.039
07/10/2013 18:00,137.0867796,0.311065658,0.45065,25.958
07/10/2013 19:00,25.41608863,0.133797018,0.52633,24.229
07/10/2013 20:00,2.201393166,0,0.70594,21.007
07/10/2013 21:00,0.300190008,1.238983722,0.62389,21.39
07/10/2013 22:00,0,0.57400618,0.66849,19.243
07/10/2013 23:00,0,0.50107625,0.78331,17.34
07/11/2013 0:00,0,0,0.83612,16.055
07/11/2013 1:00,0,0.7516145,0.85464,15.794
07/11/2013 2:00,0.100063365,0.628217782,0.83019,15.984
07/11/2013 3:00,0,0.0747875,0.73345,17.744
07/11/2013 4:00,0.200126644,0.4281585,0.78222,16.151
07/11/2013 5:00,16.110197,0.18066445,0.73677,17.387
07/11/2013 6:00,36.62318033,0.297515339,0.76859,17.601
07/11/2013 7:00,29.41862321,0.468978477,0.93722,15.317
07/11/2013 8:00,174.7106321,0.258990527,0.90493,16.983
07/11/2013 9:00,107.4680476,0.199671771,0.88125,17.649
07/11/2013 10:00,191.9214914,0.386120966,0.83199,18.886
07/11/2013 11:00,755.1779917,0.001869688,0.81755,19.933
07/11/2013 12:00,372.5357983,1.336336106,0.72786,21.438
07/11/2013 13:00,566.7587672,1.267256566,0.81311,18.029
07/11/2013 14:00,135.7859743,0.617461459,0.78926,19.362
07/11/2013 15:00,294.6865682,1.858623733,0.62568,21.007
07/11/2013 16:00,539.8417474,1.619776503,0.58314,21.701
07/11/2013 17:00,435.3756307,2.271216957,0.56968,21.773
07/11/2013 18:00,192.5218434,2.529712689,0.56441,19.695
07/11/2013 19:00,20.01266437,1.776931046,0.54605,18.529
07/11/2013 20:00,3.402153542,0.024305938,0.59997,17.269
07/11/2013 21:00,0.100063365,0,0.69642,15.436
07/11/2013 22:00,0,0,0.85067,12.686
07/11/2013 23:00,0.100063365,0.138356875,0.87784,11.432
07/12/2013 0:00,0.200126644,0.92362575,0.785,13.118
07/12/2013 1:00,0,0.36271925,0.7474,13.31
07/12/2013 2:00,0.200126644,0.722244216,0.86935,10.874
07/12/2013 3:00,0.100063365,0.841361327,0.89017,10.023
07/12/2013 4:00,0.400253373,0.34215275,0.91437,9.019
07/12/2013 5:00,33.12096471,0,0.93992,8.723
07/12/2013 6:00,205.0298175,0.39637375,0.89312,11.432
07/12/2013 7:00,381.7416227,0.12713875,0.74573,14.864
07/12/2013 8:00,553.95066,0.170674932,0.59869,17.601
07/12/2013 9:00,689.7366342,0.115027584,0.56741,19.647
07/12/2013 10:00,533.2375336,0.864687643,0.49497,20.41
07/12/2013 11:00,583.2691732,1.016807506,0.46598,20.553
07/12/2013 12:00,955.2043626,0.243325306,0.43245,22.036
07/12/2013 13:00,947.2998573,0.312774797,0.43547,22.132
07/12/2013 14:00,884.7599868,1.284469807,0.43778,22.18
07/12/2013 15:00,557.5529428,1.739389423,0.42779,22.492
07/12/2013 16:00,325.4059882,0.207947594,0.47974,22.372
07/12/2013 17:00,396.751106,1.056757184,0.44111,22.54
07/12/2013 18:00,94.55983892,0.778466179,0.49917,21.198
07/12/2013 19:00,69.44396051,0.886232,0.57037,19.981
07/12/2013 20:00,2.801773354,0,0.72303,17.126
07/12/2013 21:00,0,0,0.83486,14.291
07/12/2013 22:00,0,0.09535405,0.86887,14.028
07/12/2013 23:00,0,0.143965925,0.86125,13.645
07/13/2013 0:00,0,0,0.89419,13.477
07/13/2013 1:00,0,0,0.89322,13.621
07/13/2013 2:00,0,0.001869688,0.92193,12.397
07/13/2013 3:00,0.100063365,0.47677025,0.91749,12.493
07/13/2013 4:00,0.300190008,0.7441355,0.90062,12.445
07/13/2013 5:00,36.92337342,0.64691175,0.87849,12.469
07/13/2013 6:00,124.678907,0.4879885,0.85199,13.717
07/13/2013 7:00,404.4560077,0.9067985,0.74047,16.65
07/13/2013 8:00,450.2850125,0.063569375,0.60051,19.124
07/13/2013 9:00,626.096247,0.7592406,0.60807,20.243
07/13/2013 10:00,709.0487681,1.1060983,0.53778,21.198
07/13/2013 11:00,878.7564675,1.231817569,0.53497,22.084
07/13/2013 12:00,103.9657806,1.258338441,0.56215,21.079
07/13/2013 13:00,249.9582515,0.977687465,0.58708,20.673
07/13/2013 14:00,677.9291135,1.366219691,0.51417,22.733
07/13/2013 15:00,765.5846056,0.776931126,0.47442,23.479
07/13/2013 16:00,533.437651,0.914307837,0.49379,22.901
07/13/2013 17:00,218.9386127,0.449196072,0.46437,22.877
07/13/2013 18:00,222.8410287,1.496713691,0.4692,22.637
07/13/2013 19:00,57.43635675,0.033654375,0.58112,20.983
07/13/2013 20:00,2.901837147,0.734689715,0.61232,19.124
07/13/2013 21:00,0,0,0.80055,15.579
07/13/2013 22:00,0.100063365,0.454334,0.83851,14.1
07/13/2013 23:00,0,0.459943,0.86465,13.717
07/14/2013 0:00,0,0.23184125,0.85106,13.549
07/14/2013 1:00,0,0,0.87889,13.741
07/14/2013 2:00,0,0.29541075,0.8456,13.525
07/14/2013 3:00,0.100063365,0.49546725,0.89693,12.228
07/14/2013 4:00,0.200126644,0.7385265,0.90422,11.577
07/14/2013 5:00,29.11843012,0.5590365,0.91587,11.238
07/14/2013 6:00,194.5231021,0.63008475,0.84992,13.406
07/14/2013 7:00,371.8353449,0.7871385,0.73842,16.769
07/14/2013 8:00,532.5370802,1.867796353,0.53917,20.864
07/14/2013 9:00,689.9366659,1.402949793,0.49584,22.036
07/14/2013 10:00,846.9361026,1.491443519,0.4521,22.829
07/14/2013 11:00,312.8980997,1.412257735,0.45663,22.588
07/14/2013 12:00,377.0386518,0.172021411,0.48409,22.781
07/14/2013 13:00,427.8708462,0.209079213,0.41839,23.383
07/14/2013 14:00,759.7809467,0.707130087,0.38592,24.933
07/14/2013 15:00,480.6041978,0.426899105,0.38422,24.884
07/14/2013 16:00,438.877812,0.799939935,0.38062,25.249
07/14/2013 17:00,336.5129699,0.390805004,0.3847,25.03
07/14/2013 18:00,217.0373699,0.835013858,0.47196,23.817
07/14/2013 19:00,67.84294496,0.25614725,0.53806,22.276
07/14/2013 20:00,2.401519895,0,0.73341,18.315
07/14/2013 21:00,0,0.018696875,0.787,15.627
07/14/2013 22:00,0,0.8170535,0.80591,15.365
07/14/2013 23:00,0,0.041133125,0.80978,14.601
07/15/2013 0:00,0,0.08226625,0.82116,13.908
07/15/2013 1:00,0,0.37206775,0.82238,13.597
07/15/2013 2:00,0.100063365,0.51603375,0.80381,13.765
07/15/2013 3:00,0,0,0.87267,13.597
07/15/2013 4:00,0.100063365,0,0.89331,13.549
07/15/2013 5:00,22.61431784,0.003739375,0.87607,13.789
07/15/2013 6:00,46.42939092,0.26175625,0.83222,15.055
07/15/2013 7:00,154.797975,0.5291215,0.76997,16.484
07/15/2013 8:00,415.563075,0.652553022,0.62907,20.315
07/15/2013 9:00,698.8423572,0.434978632,0.54671,21.988
07/15/2013 10:00,638.6042211,1.434459815,0.54195,22.588
07/15/2013 11:00,494.0127427,0.842086219,0.54336,22.925
07/15/2013 12:00,573.6631141,0.638864312,0.53875,23.648
07/15/2013 13:00,363.7302085,0.23221038,0.51989,23.914
07/15/2013 14:00,395.050066,1.349603468,0.65822,21.893
07/15/2013 15:00,311.2970756,0.504417295,0.5515,23.359
07/15/2013 16:00,389.8467591,1.11529012,0.52053,22.997
07/15/2013 17:00,156.2988977,1.528478316,0.58492,21.653
07/15/2013 18:00,218.7384954,1.604236408,0.54702,21.342
07/15/2013 19:00,49.13109449,1.280769978,0.58836,20.506
07/15/2013 20:00,1.601012978,0.766291332,0.58915,19.838
07/15/2013 21:00,0.100063365,0.702375571,0.60487,19.386
07/15/2013 22:00,0.100063365,2.402967506,0.62213,18.125
07/15/2013 23:00,0.100063365,2.620548594,0.58916,17.316
07/16/2013 0:00,0.200126644,2.593637617,0.61586,16.508
07/16/2013 1:00,0.100063365,1.837000897,0.63268,15.865
07/16/2013 2:00,0.200126644,0.563765691,0.66637,15.079
07/16/2013 3:00,0,0.078526875,0.83288,11.867
07/16/2013 4:00,0.300190008,0.188838425,0.89385,10.242
07/16/2013 5:00,23.51487999,0.437686669,0.84191,11.456
07/16/2013 6:00,206.8309589,0.063953154,0.7318,14.721
07/16/2013 7:00,381.6416068,0.879939713,0.66225,16.888
07/16/2013 8:00,549.0475718,1.112223648,0.5613,19.266
07/16/2013 9:00,682.4319671,1.712716352,0.50512,20.458
07/16/2013 10:00,790.700484,1.545869851,0.48446,21.581
07/16/2013 11:00,893.3658018,1.160485723,0.494,22.084
07/16/2013 12:00,882.8590008,1.304334432,0.46315,23.19
07/16/2013 13:00,872.0516385,1.31110034,0.41896,23.6
07/16/2013 14:00,832.1267366,1.290060051,0.42827,24.059
07/16/2013 15:00,514.02533,0.619907917,0.46097,24.035
07/16/2013 16:00,519.728973,1.497568273,0.4481,24.084
07/16/2013 17:00,391.1475644,1.286726724,0.42151,23.842
07/16/2013 18:00,222.1405753,0.899599577,0.44813,23.286
07/16/2013 19:00,66.34199663,0.28045325,0.51498,21.701
07/16/2013 20:00,2.601646625,0,0.70263,17.982
07/16/2013 21:00,0,0.185099075,0.77554,15.508
07/16/2013 22:00,0,0,0.84693,14.1
07/16/2013 23:00,0,0.79648675,0.8097,14.315
07/17/2013 0:00,0,0.050481575,0.83486,13.334
07/17/2013 1:00,0.100063365,0.484249,0.84857,12.71
07/17/2013 2:00,0,0.71609025,0.86533,12.084
07/17/2013 3:00,0,0.6730875,0.88133,11.456
07/17/2013 4:00,0.200126644,0.6188665,0.88022,11.214
07/17/2013 5:00,24.81571101,0.87501375,0.88896,11.02
07/17/2013 6:00,201.6276519,0.9423225,0.83345,12.95
07/17/2013 7:00,372.2355795,0.228101875,0.72032,16.769
07/17/2013 8:00,536.5395977,0.166402175,0.52602,21.509
07/17/2013 9:00,681.0310603,1.610625894,0.4708,23.407
07/17/2013 10:00,789.4996945,1.537078725,0.41625,24.398
07/17/2013 11:00,861.8453988,1.428995358,0.41632,25.64
07/17/2013 12:00,877.0549994,1.255589363,0.41375,25.396
07/17/2013 13:00,864.7473995,0.144740852,0.38232,26.596
07/17/2013 14:00,791.9012735,1.697121089,0.34234,27.46
07/17/2013 15:00,679.3300203,1.126489434,0.36517,27.46
07/17/2013 16:00,536.8398165,0.583654046,0.38477,27.039
07/17/2013 17:00,377.0386518,0.475003667,0.38357,26.842
07/17/2013 18:00,217.5377059,1.316112532,0.42181,25.566
07/17/2013 19:00,67.74287775,0.35150125,0.46969,24.059
07/17/2013 20:00,2.301456959,0,0.53132,21.94
07/17/2013 21:00,0,0.32719525,0.73522,17.768
07/17/2013 22:00,0.100063365,0,0.79885,16.079
07/17/2013 23:00,0,0.60016975,0.79864,15.984
07/18/2013 0:00,0,0.688045,0.81477,15.365
07/18/2013 1:00,0,0.73104775,0.83873,14.554
07/18/2013 2:00,0,0.69552375,0.85751,13.885
07/18/2013 3:00,0,0,0.8904,12.686
07/18/2013 4:00,0.200126644,0.58521225,0.89571,12.589
07/18/2013 5:00,23.21469546,0.72917825,0.89463,12.686
07/18/2013 6:00,197.4249315,0.58521225,0.82137,14.864
07/18/2013 7:00,365.9316702,0,0.69947,18.791
07/18/2013 8:00,473.2996163,0.4823795,0.60882,22.612
07/18/2013 9:00,669.8239772,0.507412719,0.48445,24.568
07/18/2013 10:00,768.3863335,0.26668455,0.41359,26.154
07/18/2013 11:00,770.7879125,1.341217819,0.37677,26.694
07/18/2013 12:00,930.789537,1.191238994,0.3978,27.435
07/18/2013 13:00,909.4753737,0.662727045,0.36623,27.857
07/18/2013 14:00,851.3388547,0.540135799,0.33908,28.33
07/18/2013 15:00,713.5517073,1.297999462,0.35347,28.205
07/18/2013 16:00,545.0450543,0.958943745,0.37495,27.882
07/18/2013 17:00,153.1969509,0.415432526,0.43381,26.056
07/18/2013 18:00,213.9354231,1.051264885,0.40613,26.867
07/18/2013 19:00,64.94110696,0.568388075,0.4501,25.493
07/18/2013 20:00,1.601012978,0,0.67743,20.601
07/18/2013 21:00,0,0,0.73686,18.458
07/18/2013 22:00,0,0.8525775,0.75955,17.768
07/18/2013 23:00,0,0.6375635,0.7843,17.007
07/19/2013 0:00,0,0.37580725,0.81974,15.865
07/19/2013 1:00,0,0.448725,0.83095,15.222
07/19/2013 2:00,0,0.60016975,0.84852,14.792
07/19/2013 3:00,0,0.7142205,0.86201,14.195
07/19/2013 4:00,0.100063365,0,0.86873,13.741
07/19/2013 5:00,38.42432175,0.57960325,0.85817,14.052
07/19/2013 6:00,132.7840434,0.5478185,0.81038,15.889
07/19/2013 7:00,204.6294972,0.30101975,0.79772,17.506
07/19/2013 8:00,401.9544129,0.77031125,0.63301,21.414
07/19/2013 9:00,655.4148458,0.226239926,0.45476,25.591
07/19/2013 10:00,765.4845897,0.758339873,0.42465,26.645
07/19/2013 11:00,751.7758261,1.077112081,0.44442,27.311
07/19/2013 12:00,932.7907101,0.578298908,0.40447,28.405
07/19/2013 13:00,1001.934366,1.136956088,0.38758,29.131
07/19/2013 14:00,243.5541551,0.772624585,0.42674,27.336
07/19/2013 15:00,232.0468531,0.500189399,0.4465,26.301
07/19/2013 16:00,165.2045889,0.075716573,0.47245,26.031
07/19/2013 17:00,434.8752946,0.995111204,0.44698,26.99
07/19/2013 18:00,155.7986472,0.536759834,0.43156,27.237
07/19/2013 19:00,38.22419588,0.6786965,0.59835,24.156
07/19/2013 20:00,1.400887105,0,0.64284,22.228
07/19/2013 21:00,0,0.28606225,0.71497,20.816
07/19/2013 22:00,0,0.5833425,0.78779,18.933
07/19/2013 23:00,0,0.77965975,0.81124,18.196
07/20/2013 0:00,0,0.568385,0.83597,16.959
07/20/2013 1:00,0.100063365,0.65065125,0.8161,17.102
07/20/2013 2:00,0,0.878753,0.78772,17.292
07/20/2013 3:00,0,0.34589225,0.78383,16.65
07/20/2013 4:00,0,0.121529675,0.80817,15.889
07/20/2013 5:00,25.91640759,0.802096,0.79375,16.174
07/20/2013 6:00,183.7162536,0.52725175,0.75209,18.315
07/20/2013 7:00,362.5295046,0.679296405,0.60438,22.132
07/20/2013 8:00,548.0468996,1.51077343,0.53045,24.471
07/20/2013 9:00,616.5902894,2.41875574,0.51289,24.835
07/20/2013 10:00,763.3832295,1.750101344,0.49129,26.154
07/20/2013 11:00,787.0982868,0.955598803,0.44751,27.163
07/20/2013 12:00,880.2575614,1.571028216,0.43051,27.757
07/20/2013 13:00,409.9595335,2.090671821,0.45957,26.891
07/20/2013 14:00,268.7701349,2.446535273,0.4757,26.301
07/20/2013 15:00,334.8119299,2.215961294,0.46676,26.399
07/20/2013 16:00,151.8961456,1.674723398,0.45638,25.86
07/20/2013 17:00,225.0424048,1.668315566,0.44778,26.007
07/20/2013 18:00,89.05639882,1.91435009,0.46978,25.176
07/20/2013 19:00,33.9214682,1.471473708,0.50149,23.914
07/20/2013 20:00,2.001266437,1.0675915,0.54428,22.252
07/20/2013 21:00,0.200126644,0.846970564,0.57759,20.888
07/20/2013 22:00,0,0,0.68464,18.862
07/20/2013 23:00,0,0,0.78458,16.603
07/21/2013 0:00,0,0.2243625,0.78794,16.603
07/21/2013 1:00,0,0.0149575,0.84271,14.745
07/21/2013 2:00,0,0.013087813,0.8124,14.792
07/21/2013 3:00,0.200126644,1.451050966,0.65925,17.697
07/21/2013 4:00,0,0,0.76669,15.579
07/21/2013 5:00,31.72007503,0,0.8433,14.649
07/21/2013 6:00,195.4236728,0,0.72024,17.173
07/21/2013 7:00,364.0304273,0.645811394,0.58388,20.386
07/21/2013 8:00,532.2368615,2.063867276,0.53117,21.605
07/21/2013 9:00,675.0272841,1.166628129,0.49469,22.612
07/21/2013 10:00,787.9987718,1.616188849,0.47602,23.479
07/21/2013 11:00,859.8442257,1.415275589,0.44468,24.205
07/21/2013 12:00,871.1516672,1.027916749,0.40728,24.884
07/21/2013 13:00,856.8420379,1.697680368,0.37053,25.786
07/21/2013 14:00,786.1976304,2.886703354,0.37197,26.227
07/21/2013 15:00,679.2299189,2.833032218,0.35212,26.424
07/21/2013 16:00,542.5434595,2.312706764,0.36721,26.129
07/21/2013 17:00,385.9442575,2.576168808,0.36418,25.762
07/21/2013 18:00,224.5421543,2.425619682,0.38541,25.079
07/21/2013 19:00,67.74287775,1.467923809,0.40419,23.842
07/21/2013 20:00,1.9012035,0,0.54987,19.886
07/21/2013 21:00,0,0.001869688,0.67677,16.793
07/21/2013 22:00,0,0.340473185,0.75649,15.007
07/21/2013 23:00,0,0.209405,0.76959,15.079
07/22/2013 0:00,0,0.087875325,0.82861,13.214
07/22/2013 1:00,0,0,0.85553,12.349
07/22/2013 2:00,0,0.29915,0.84522,12.541
07/22/2013 3:00,0,0.121529675,0.88183,11.77
07/22/2013 4:00,0.200126644,0.274844,0.85005,12.301
07/22/2013 5:00,17.3109608,0.2898015,0.87072,11.335
07/22/2013 6:00,211.3338124,0.97410725,0.80811,13.717
07/22/2013 7:00,382.0418415,0.7273085,0.67363,17.982
07/22/2013 8:00,545.5453048,0.390889849,0.52427,22.06
07/22/2013 9:00,682.9323032,0.984750528,0.51842,23.769
07/22/2013 10:00,790.3002494,0.683408628,0.43806,24.933
07/22/2013 11:00,865.9479321,0.675267868,0.41998,25.982
07/22/2013 12:00,880.3568922,0.634135657,0.34775,26.768
07/22/2013 13:00,859.9444128,0.479417064,0.33608,28.006
07/22/2013 14:00,784.1963717,0.591655006,0.32101,27.807
07/22/2013 15:00,675.7277375,0.168084796,0.30732,28.505
07/22/2013 16:00,534.8385578,0.24378459,0.32017,28.405
07/22/2013 17:00,380.6409347,0.63234423,0.34888,27.981
07/22/2013 18:00,220.2394181,0.766900015,0.36758,27.188
07/22/2013 19:00,65.74161045,0,0.43249,25.469
07/22/2013 20:00,1.601012978,0,0.56518,21.246
07/22/2013 21:00,0.100063365,0.226239926,0.63346,18.981
07/22/2013 22:00,0,0.001869688,0.76283,16.174
07/22/2013 23:00,0.100063365,0.0467422,0.78139,15.889
07/23/2013 0:00,0.100063365,1.0021525,0.75777,15.913
07/23/2013 1:00,0.100063365,0.4580735,0.81064,14.745
07/23/2013 2:00,0,0.001869688,0.82,14.124
07/23/2013 3:00,0.100063365,0.1047025,0.83187,13.693
07/23/2013 4:00,0.100063365,0.21501405,0.86003,12.782
07/23/2013 5:00,18.61178326,0.149575,0.86277,12.469
07/23/2013 6:00,196.9246811,0.89745,0.76903,15.079
07/23/2013 7:00,367.3324913,0.529124803,0.65178,19.552
07/23/2013 8:00,529.4351335,0.574042719,0.47049,24.447
07/23/2013 9:00,668.1229372,1.268108495,0.45136,26.007
07/23/2013 10:00,775.9911338,1.185436408,0.35789,27.559
07/23/2013 11:00,632.7004607,0.39943544,0.36899,28.28
07/23/2013 12:00,902.5710268,0.670052861,0.29827,29.559
07/23/2013 13:00,801.607434,0.790302927,0.27793,30.395
07/23/2013 14:00,580.2673279,0.309013471,0.28157,30.192
07/23/2013 15:00,175.6111172,0.256719747,0.3042,29.685
07/23/2013 16:00,536.5395977,0.619160224,0.29508,30.293
07/23/2013 17:00,420.5661791,1.16317109,0.31499,29.913
07/23/2013 18:00,112.7713704,0.842457494,0.35907,28.081
07/23/2013 19:00,20.61305055,0.134318525,0.40437,26.154
07/23/2013 20:00,0.600380017,0,0.53953,23.311
07/23/2013 21:00,0,0.2262322,0.5656,21.318
07/23/2013 22:00,0,0.0448725,0.6532,20.029
07/23/2013 23:00,0,0.3496315,0.67246,18.981
07/24/2013 0:00,0,0.80957475,0.64279,19.362
07/24/2013 1:00,0,0,0.68611,18.22
07/24/2013 2:00,0,0.7329175,0.70973,17.126
07/24/2013 3:00,0,0,0.8242,15.269
07/24/2013 4:00,0.100063365,0.25053825,0.80155,14.888
07/24/2013 5:00,23.61494721,0.280459482,0.82429,14.697
07/24/2013 6:00,177.5123601,0.891841,0.67132,19.338
07/24/2013 7:00,374.7371743,0.516751319,0.5459,23.166
07/24/2013 8:00,514.9259007,0.530530211,0.55509,24.544
07/24/2013 9:00,640.0051279,0.535073789,0.50488,25.518
07/24/2013 10:00,614.9892653,0.014602726,0.46625,27.039
07/24/2013 11:00,548.747353,1.476467391,0.46338,26.817
07/24/2013 12:00,802.9082393,1.567685864,0.41455,28.23
07/24/2013 13:00,491.9113825,0.989834944,0.38891,28.805
07/24/2013 14:00,778.9930647,1.337799032,0.33566,29.786
07/24/2013 15:00,208.1317642,0.554175476,0.32147,29.509
07/24/2013 16:00,478.3027203,0.203521291,0.35863,30.446
07/24/2013 17:00,215.8365804,0.74556459,0.37705,28.98
07/24/2013 18:00,96.16086303,0.09722375,0.42228,28.355
07/24/2013 19:00,10.60671408,0.013087813,0.48748,25.933
07/24/2013 20:00,0.500316652,0.039263425,0.53754,24.35
07/24/2013 21:00,0,0.001869688,0.63548,21.988
07/24/2013 22:00,0,0,0.66321,21.485
07/24/2013 23:00,0,0.001869688,0.69977,20.697
07/25/2013 0:00,0,0.28606225,0.69032,20.363
07/25/2013 1:00,0,0.981586,0.6579,20.673
07/25/2013 2:00,0,0.087875325,0.68214,19.433
07/25/2013 3:00,0,0,0.72204,18.41
07/25/2013 4:00,0,0.078526875,0.76708,17.554
07/25/2013 5:00,10.60671408,0.66934825,0.76637,17.625
07/25/2013 6:00,45.22862712,0,0.77401,18.576
07/25/2013 7:00,76.74857628,0,0.75687,19.409
07/25/2013 8:00,58.23686024,0.121529675,0.83328,19.838
07/25/2013 9:00,131.0830034,0.459943,0.80332,20.124
07/25/2013 10:00,306.3939875,0.1047025,0.74731,21.557
07/25/2013 11:00,429.1716515,0.598311685,0.62354,23.963
07/25/2013 12:00,841.1323581,0.722360105,0.50054,26.596
07/25/2013 13:00,870.2508396,0.622212664,0.42376,27.906
07/25/2013 14:00,537.2400511,0.973116278,0.45225,27.857
07/25/2013 15:00,384.4433348,1.021234665,0.45792,27.683
07/25/2013 16:00,437.4769052,1.605548958,0.50045,28.006
07/25/2013 17:00,362.2292858,1.116009385,0.51056,27.385
07/25/2013 18:00,153.1969509,0.8712745,0.55317,26.694
07/25/2013 19:00,49.83153933,0.38141625,0.54303,26.227
07/25/2013 20:00,0.80050666,0.72917825,0.72925,22.925
07/25/2013 21:00,0,0.77965975,0.83408,21.079
07/25/2013 22:00,0,0.46181275,0.84586,20.363
07/25/2013 23:00,0,0,0.84219,19.719
07/26/2013 0:00,0,0,0.88968,18.458
07/26/2013 1:00,0,0.473031,0.90422,18.006
07/26/2013 2:00,0,0.55155775,0.93401,16.936
07/26/2013 3:00,0,0.364589,0.92951,16.722
07/26/2013 4:00,0.100063365,0.74600525,0.92577,16.603
07/26/2013 5:00,29.61874909,0.80583525,0.90283,17.221
07/26/2013 6:00,170.0075756,0.94045275,0.85796,18.767
07/26/2013 7:00,314.4990382,0.5983,0.74886,21.461
07/26/2013 8:00,482.8056595,0.55155775,0.64071,24.933
07/26/2013 9:00,628.2977087,0.609621476,0.56556,26.768
07/26/2013 10:00,746.0722687,1.148085564,0.49958,28.33
07/26/2013 11:00,397.4515594,0.365168622,0.4358,29.231
07/26/2013 12:00,865.54804,0.579452379,0.56346,27.262
07/26/2013 13:00,827.2235628,0.234837513,0.43108,30.014
07/26/2013 14:00,264.1671799,0.650675427,0.42597,29.888
07/26/2013 15:00,353.8240163,1.35828655,0.49224,29.408
07/26/2013 16:00,496.6143533,0.914619204,0.41564,30.446
07/26/2013 17:00,348.8208267,1.134887973,0.41555,30.065
07/26/2013 18:00,75.04750208,0.6843055,0.46368,28.68
07/26/2013 19:00,38.22419588,0,0.53897,28.081
07/26/2013 20:00,0.500316652,0,0.63691,24.665
07/26/2013 21:00,0,0,0.70612,22.685
07/26/2013 22:00,0,0,0.76773,21.509
07/26/2013 23:00,0,0.47490075,0.78043,21.127
07/27/2013 0:00,0,0,0.84131,19.576
07/27/2013 1:00,0,0,0.88091,18.648
07/27/2013 2:00,0,0.003739375,0.86236,19.243
07/27/2013 3:00,0,0.0280453,0.86444,18.838
07/27/2013 4:00,0,0,0.89882,17.554
07/27/2013 5:00,17.11083493,0.06917845,0.91805,17.649
07/27/2013 6:00,117.7745601,0.76096275,0.86412,19.29
07/27/2013 7:00,321.3033693,0.155184075,0.79416,22.228
07/27/2013 8:00,480.7042993,0.45059475,0.64804,25.664
07/27/2013 9:00,621.6934949,1.20506122,0.60489,26.941
07/27/2013 10:00,730.2622306,1.173015412,0.57406,28.68
07/27/2013 11:00,802.1076844,0.958188789,0.50439,30.04
07/27/2013 12:00,822.2204588,1.324880438,0.47406,31.29
07/27/2013 13:00,797.4047136,0.817652144,0.43274,32.375
07/27/2013 14:00,696.6409811,1.400400793,0.42034,32.923
07/27/2013 15:00,233.0475253,0.889053695,0.4,32
07/27/2013 16:00,203.9291295,0.283804778,0.43194,31.367
07/27/2013 17:00,296.5877255,0.45277729,0.39677,32.193
07/27/2013 18:00,204.2292626,0.171380101,0.42904,31.444
07/27/2013 19:00,39.82521142,0.50107625,0.50405,29.282
07/27/2013 20:00,0.600380017,0,0.63571,26.154
07/27/2013 21:00,0,0,0.7318,23.335
07/27/2013 22:00,0.100063365,0.992804,0.74015,22.805
07/27/2013 23:00,0,0.48050975,0.77675,21.845
07/28/2013 0:00,0,0.50481575,0.78226,21.461
07/28/2013 1:00,0,0,0.84794,19.933
07/28/2013 2:00,0,0.003739375,0.86214,19.266
07/28/2013 3:00,0,0.168271875,0.90044,18.22
07/28/2013 4:00,0.100063365,0.031784675,0.9147,17.697
07/28/2013 5:00,13.60861074,0,0.91769,17.078
07/28/2013 6:00,164.9043701,0.46742175,0.89848,18.743
07/28/2013 7:00,318.0013052,0,0.7505,22.877
07/28/2013 8:00,489.8100223,0.4488262,0.7029,25.127
07/28/2013 9:00,631.5997727,0.828279941,0.64411,26.965
07/28/2013 10:00,733.9645292,1.013532784,0.57757,29.131
07/28/2013 11:00,809.2122343,0.837757705,0.52254,30.573
07/28/2013 12:00,823.3211468,1.557270174,0.45562,32.375
07/28/2013 13:00,807.4110928,1.310576233,0.4321,33.29
07/28/2013 14:00,482.8056595,0.672360131,0.40769,33.632
07/28/2013 15:00,262.5662414,0.74600525,0.46949,32.115
07/28/2013 16:00,437.0766706,0.827443979,0.46068,32.74
07/28/2013 17:00,349.7213974,0.351998156,0.44733,33.5
07/28/2013 18:00,174.5104292,0.603709203,0.45163,32.923
07/28/2013 19:00,19.11209366,0.051066787,0.52665,30.752
07/28/2013 20:00,0.400253373,0.60951825,0.63894,27.733
07/28/2013 21:00,0,0.024305938,0.71192,25.811
07/28/2013 22:00,0,0,0.74956,24.326
07/28/2013 23:00,0,0.001869688,0.80937,22.685
07/29/2013 0:00,0,0,0.86567,20.912
07/29/2013 1:00,0,0,0.89174,20.219
07/29/2013 2:00,0,0.048611875,0.90519,19.505
07/29/2013 3:00,0.100063365,0,0.94498,18.339
07/29/2013 4:00,0.200126644,0.60016975,0.9582,18.362
07/29/2013 5:00,17.41101946,0,0.96121,17.911
07/29/2013 6:00,144.3913611,0.3440225,0.9167,19.91
07/29/2013 7:00,311.4971929,0.26736525,0.80361,23.19
07/29/2013 8:00,474.6004217,1.13315403,0.68513,25.909
07/29/2013 9:00,615.9899375,1.355234573,0.52267,28.529
07/29/2013 10:00,733.0640442,1.448081178,0.51056,29.812
07/29/2013 11:00,802.9082393,1.542765191,0.4725,31.084
07/29/2013 12:00,811.1133915,0.884032069,0.44976,32.167
07/29/2013 13:00,797.3046977,1.628626666,0.40204,33.054
07/29/2013 14:00,720.1559211,1.886125391,0.37581,33.844
07/29/2013 15:00,608.8853877,2.313014278,0.3565,34.669
07/29/2013 16:00,435.0754119,1.536256217,0.293,34.615
07/29/2013 17:00,173.109608,3.371870765,0.27044,34.295
07/29/2013 18:00,170.1076771,7.059766999,0.3724,29.357
07/29/2013 19:00,24.91576966,4.533388559,0.36938,26.301
07/29/2013 20:00,0.400253373,1.554440249,0.43409,24.593
07/29/2013 21:00,0,0.516199692,0.46773,22.997
07/29/2013 22:00,0,0.211943747,0.51388,22.516
07/29/2013 23:00,0,0.304759,0.55732,22.012
07/30/2013 0:00,0.100063365,0.001869688,0.6559,19.695
07/30/2013 1:00,0.100063365,0.4823795,0.6727,18.125
07/30/2013 2:00,0,1.462917802,0.54526,20.983
07/30/2013 3:00,0,1.891059281,0.6938,18.576
07/30/2013 4:00,0,0.024305938,0.83678,16.103
07/30/2013 5:00,0.900569854,0,0.93937,15.341
07/30/2013 6:00,35.22229066,0,0.93423,16.198
07/30/2013 7:00,178.5130323,0.87501375,0.87658,17.506
07/30/2013 8:00,210.0329215,0.05235125,0.81643,18.91
07/30/2013 9:00,423.0677739,0.918033635,0.68477,21.055
07/30/2013 10:00,224.1419197,0.209079224,0.61086,21.414
07/30/2013 11:00,628.2977087,0.646409049,0.50275,23.431
07/30/2013 12:00,592.6752005,2.306022112,0.44524,24.398
07/30/2013 13:00,692.9385968,2.277197946,0.38061,25.566
07/30/2013 14:00,661.2185047,0.656718146,0.40819,25.42
07/30/2013 15:00,491.4110464,1.390899213,0.33717,26.227
07/30/2013 16:00,466.795504,1.543546729,0.34555,26.571
07/30/2013 17:00,377.2387691,1.244747114,0.32401,26.596
07/30/2013 18:00,211.8340629,1.33729723,0.33815,25.835
07/30/2013 19:00,48.23053234,0.931421442,0.38077,24.423
07/30/2013 20:00,0.400253373,0.29541075,0.49031,21.198
07/30/2013 21:00,0,0.24679875,0.60828,18.125
07/30/2013 22:00,0.100063365,0.826402,0.62745,17.364
07/30/2013 23:00,0,0.25801675,0.71455,15.412
07/31/2013 0:00,0,0.2243625,0.78396,13.932
07/31/2013 1:00,0,0.162662825,0.79001,13.645
07/31/2013 2:00,0,0.7273085,0.7951,13.31
07/31/2013 3:00,0.100063365,0.566518335,0.78953,13.166
07/31/2013 4:00,0,0.480742495,0.81271,12.445
07/31/2013 5:00,12.90817447,0.33280425,0.84538,12.493
07/31/2013 6:00,79.95060738,0.28232275,0.7672,14.601
07/31/2013 7:00,241.8531151,0,0.71222,17.673
07/31/2013 8:00,537.2400511,0.284935774,0.53132,22.612
07/31/2013 9:00,674.1267134,0.450563606,0.45697,25.274
07/31/2013 10:00,155.0981938,1.659528497,0.4762,24.641
07/31/2013 11:00,217.0373699,0.66224425,0.46162,24.835
07/31/2013 12:00,155.5985299,0.593304021,0.49015,24.52
07/31/2013 13:00,240.4522083,0.532861,0.41921,25.884
07/31/2013 14:00,304.592846,0.484249,0.42891,26.35
07/31/2013 15:00,289.5832771,0.231456436,0.39966,26.694
07/31/2013 16:00,239.3515203,0.151352335,0.41915,26.129
07/31/2013 17:00,326.806895,1.119094982,0.37433,27.931
07/31/2013 18:00,137.787233,0.902857752,0.38957,27.188
07/31/2013 19:00,38.02407,0.2785835,0.45403,24.714
07/31/2013 20:00,0.400253373,0,0.53353,22.396
07/31/2013 21:00,0.200126644,0.85070775,0.64591,19.266
07/31/2013 22:00,0,0.001869688,0.74504,16.65
07/31/2013 23:00,0.100063365,0,0.82538,14.816
08/01/2013 0:00,0,0.001869688,0.84335,14.315
08/01/2013 1:00,0,0.06730875,0.82014,14.434
08/01/2013 2:00,0.100063365,0.1346175,0.87606,13.118
08/01/2013 3:00,0,0.018696875,0.86701,13.358
08/01/2013 4:00,0.100063365,1.34430525,0.87019,13.454
08/01/2013 5:00,12.50791416,0,0.90337,12.71
08/01/2013 6:00,172.2090373,0.97971625,0.83413,15.174
08/01/2013 7:00,345.7187943,0.8226625,0.73746,18.91
08/01/2013 8:00,526.7334214,0.596477137,0.59868,23.383
08/01/2013 9:00,521.3299971,1.036248954,0.53456,24.253
08/01/2013 10:00,794.2026653,0.827942423,0.47676,25.86
08/01/2013 11:00,873.1528403,0.971584626,0.45534,26.891
08/01/2013 12:00,895.5664928,0.504635549,0.44035,27.188
08/01/2013 13:00,541.2425686,0.484736091,0.42121,27.683
08/01/2013 14:00,752.9766156,0.503626567,0.40596,28.255
08/01/2013 15:00,634.6017036,0.720836672,0.40611,28.705
08/01/2013 16:00,503.2184814,0.918869162,0.42509,28.805
08/01/2013 17:00,347.3198184,0.927432849,0.41702,28.38
08/01/2013 18:00,188.3192086,1.067912344,0.44195,27.435
08/01/2013 19:00,37.52375104,0.47864,0.50229,25.493
08/01/2013 20:00,0.300190008,0,0.59252,22.396
08/01/2013 21:00,0,0.001869688,0.69962,19.505
08/01/2013 22:00,0,0,0.76893,17.768
08/01/2013 23:00,0.100063365,0.28232275,0.80676,17.031
08/02/2013 0:00,0.100063365,0.05422095,0.82844,16.555
08/02/2013 1:00,0,0.64691175,0.81734,16.531
08/02/2013 2:00,0.300190008,0.4580735,0.86749,15.15
08/02/2013 3:00,0,0,0.89766,14.028
08/02/2013 4:00,0.100063365,0,0.90595,13.43
08/02/2013 5:00,11.60734345,0.64691175,0.88168,14.458
08/02/2013 6:00,175.1108667,0.69926325,0.84298,15.817
08/02/2013 7:00,346.2191304,0.065439075,0.71005,19.6
08/02/2013 8:00,508.6219913,0.233710925,0.57712,24.86
08/02/2013 9:00,645.3084507,0.556102457,0.4915,27.064
08/02/2013 10:00,751.0754584,1.522878462,0.44778,28.23
08/02/2013 11:00,829.525126,1.513523168,0.39847,29.66
08/02/2013 12:00,847.2363214,1.171185682,0.35036,31.008
08/02/2013 13:00,827.3237499,1.303923004,0.33955,31.831
08/02/2013 14:00,751.7758261,1.048639731,0.33062,32.557
08/02/2013 15:00,641.5060505,1.264179808,0.29453,33.054
08/02/2013 16:00,502.4180122,1.34717711,0.29961,33.342
08/02/2013 17:00,339.7150181,1.142195505,0.33544,32.583
08/02/2013 18:00,181.7149949,0.851054887,0.35789,31.444
08/02/2013 19:00,38.42432175,0.360927242,0.45692,29.03
08/02/2013 20:00,0.200126644,0.001869688,0.54969,25.811
08/02/2013 21:00,0,0,0.65914,22.42
08/02/2013 22:00,0,0.29541075,0.71005,21.318
08/02/2013 23:00,0,0.020566563,0.7436,20.267
08/03/2013 0:00,0.200126644,0.05235125,0.83132,18.339
08/03/2013 1:00,0,0,0.80832,18.267
08/03/2013 2:00,0.100063365,0,0.89239,16.674
08/03/2013 3:00,0.100063365,0.573994,0.87086,17.269
08/03/2013 4:00,0.100063365,0.77779,0.8628,17.197
08/03/2013 5:00,11.30715892,0.129008425,0.84756,16.745
08/03/2013 6:00,159.2008127,0,0.85456,18.125
08/03/2013 7:00,326.0063401,0.198186875,0.70407,22.06
08/03/2013 8:00,487.0082943,0.228101875,0.58825,25.225
08/03/2013 9:00,626.3964658,1.026751141,0.5446,26.891
08/03/2013 10:00,722.1570942,1.222737092,0.48179,29.106
08/03/2013 11:00,807.4110928,1.243797639,0.43292,31.059
08/03/2013 12:00,825.6226244,1.537420825,0.38787,32.375
08/03/2013 13:00,800.5066603,2.047376902,0.34844,33.342
08/03/2013 14:00,740.7688603,2.655334177,0.28464,33.712
08/03/2013 15:00,613.7884758,1.666136049,0.26135,34.322
08/03/2013 16:00,473.4997336,1.498743279,0.24247,34.455
08/03/2013 17:00,330.5091937,1.31191463,0.24323,33.5
08/03/2013 18:00,165.8049409,0.85631675,0.27782,32.064
08/03/2013 19:00,37.02343208,0,0.37053,30.192
08/03/2013 20:00,0.100063365,0,0.45762,24.738
08/03/2013 21:00,0.100063365,0.274844,0.59332,21.725
08/03/2013 22:00,0,0.52538225,0.57998,21.845
08/03/2013 23:00,0,0.70487225,0.591,21.222
08/04/2013 0:00,0.100063365,0.77031125,0.64586,19.933
08/04/2013 1:00,0,0.77779,0.65783,19.433
08/04/2013 2:00,0,0.84883825,0.66459,19.052
08/04/2013 3:00,0,0.6487815,0.66599,18.838
08/04/2013 4:00,0,1.06946125,0.66523,18.743
08/04/2013 5:00,12.30778829,0.64130275,0.64938,19.028
08/04/2013 6:00,123.6783204,1.621052613,0.63944,20.219
08/04/2013 7:00,291.6846373,0.5833425,0.60341,23.262
08/04/2013 8:00,487.3084274,0.959370102,0.52824,25.615
08/04/2013 9:00,593.9760058,1.027139399,0.45888,29.03
08/04/2013 10:00,699.3426076,1.2713875,0.42513,30.624
08/04/2013 11:00,772.8891871,1.185874266,0.40332,32.038
08/04/2013 12:00,794.3027668,1.85397784,0.3902,32.349
08/04/2013 13:00,772.9892886,1.158012896,0.37647,32.792
08/04/2013 14:00,706.3471416,1.081560405,0.35341,33.185
08/04/2013 15:00,599.7796647,1.291975646,0.34616,33.474
08/04/2013 16:00,464.3939251,1.151395164,0.30886,33.659
08/04/2013 17:00,308.9955981,1.060350144,0.33595,33.159
08/04/2013 18:00,155.7986472,1.235864914,0.37084,31.882
08/04/2013 19:00,10.00633647,0.158923425,0.45025,28.93
08/04/2013 20:00,0,2.883745533,0.43018,27.757
08/04/2013 21:00,0,2.301177311,0.90212,18.576
08/04/2013 22:00,0,1.311972019,0.89052,18.695
08/04/2013 23:00,0,0.54033975,0.88836,18.695
08/05/2013 0:00,0,0.564722882,0.87573,18.529
08/05/2013 1:00,0,0.880624735,0.90526,17.554
08/05/2013 2:00,0,0.21501405,0.96055,16.27
08/05/2013 3:00,0,0.473031,0.96523,16.079
08/05/2013 4:00,0,0.76657175,0.98045,15.698
08/05/2013 5:00,10.80683996,0,0.98315,16.222
08/05/2013 6:00,151.5959268,0,0.95042,16.579
08/05/2013 7:00,291.9847705,0.4225495,0.8732,18.148
08/05/2013 8:00,477.4021496,0.320333667,0.84161,20.697
08/05/2013 9:00,620.3926896,0.232639033,0.75447,22.973
08/05/2013 10:00,723.2577822,0.018414286,0.67277,24.544
08/05/2013 11:00,797.3046977,0.833008207,0.58816,25.982
08/05/2013 12:00,810.9132742,0.450935906,0.54086,27.608
08/05/2013 13:00,783.8961529,0.586751451,0.47837,28.705
08/05/2013 14:00,716.6535684,0.075369524,0.49444,29.357
08/05/2013 15:00,602.4813768,0.895861245,0.50413,29.837
08/05/2013 16:00,471.6985922,0.27235899,0.4738,30.548
08/05/2013 17:00,318.9018759,0.150518553,0.45941,30.573
08/05/2013 18:00,162.3027595,0.020651373,0.48921,30.09
08/05/2013 19:00,30.61937845,0,0.66334,27.485
08/05/2013 20:00,0.100063365,0.001869688,0.78309,23.528
08/05/2013 21:00,0,0,0.86395,21.605
08/05/2013 22:00,0,0,0.87824,21.222
08/05/2013 23:00,0,0.49546725,0.87272,20.506
08/06/2013 0:00,0,0.130878125,0.91101,19.457
08/06/2013 1:00,0.100063365,0.7086115,0.92902,18.838
08/06/2013 2:00,0,0,0.92649,18.362
08/06/2013 3:00,0,0,0.96491,17.53
08/06/2013 4:00,0,0.73478725,0.93608,17.958
08/06/2013 5:00,10.90690718,0.041133125,0.95088,17.364
08/06/2013 6:00,136.9866781,0.7086115,0.92969,18.576
08/06/2013 7:00,284.1798529,0,0.80819,22.132
08/06/2013 8:00,433.3742863,0.225613275,0.73337,24.763
08/06/2013 9:00,580.567461,0.114066249,0.61835,27.608
08/06/2013 10:00,686.0342499,1.000883755,0.5745,28.98
08/06/2013 11:00,767.2856455,0.629376904,0.52129,30.599
08/06/2013 12:00,802.1076844,0.817472742,0.43171,31.753
08/06/2013 13:00,783.0956837,1.271080941,0.40945,32.766
08/06/2013 14:00,715.1527314,2.006391619,0.34,33.844
08/06/2013 15:00,600.2799152,0.920093212,0.34992,33.844
08/06/2013 16:00,466.6954026,1.11821848,0.32731,33.474
08/06/2013 17:00,311.0969583,0.896680242,0.37587,32.87
08/06/2013 18:00,158.900594,0.692423371,0.37526,31.573
08/06/2013 19:00,26.8169783,0,0.41887,29.458
08/06/2013 20:00,0.100063365,0,0.65933,24.981
08/06/2013 21:00,0,0,0.76765,22.18
08/06/2013 22:00,0,0,0.82081,20.912
08/06/2013 23:00,0,0,0.83952,20.386
08/07/2013 0:00,0,1.170425743,0.77454,20.768
08/07/2013 1:00,0,0.91053775,0.79052,20.363
08/07/2013 2:00,0,0.21688375,0.85637,19.028
08/07/2013 3:00,0,0.430032065,0.78423,20.076
08/07/2013 4:00,0,0.16118398,0.58579,23.021
08/07/2013 5:00,10.50664687,0.385523159,0.59921,21.964
08/07/2013 6:00,130.0823312,0.32719525,0.61758,21.988
08/07/2013 7:00,300.5902429,0.73665675,0.55772,23.769
08/07/2013 8:00,465.2944958,0.25053825,0.53712,26.301
08/07/2013 9:00,604.1824168,0.990962471,0.53721,26.817
08/07/2013 10:00,712.6511366,0.925155427,0.49161,28.155
08/07/2013 11:00,787.6985531,0.708355023,0.46233,29.181
08/07/2013 12:00,806.5104365,0.516697322,0.45589,30.65
08/07/2013 13:00,782.8955664,1.318600436,0.43453,31.315
08/07/2013 14:00,709.5491899,1.040818153,0.38354,32.427
08/07/2013 15:00,599.4794459,1.840084247,0.35602,33.421
08/07/2013 16:00,459.2907196,1.50942026,0.34695,33.211
08/07/2013 17:00,302.6916031,1.261811784,0.36922,33.001
08/07/2013 18:00,143.6909934,0.134630483,0.41032,31.702
08/07/2013 19:00,24.71564379,0.115980922,0.45215,29.989
08/07/2013 20:00,0,0,0.59222,26.596
08/07/2013 21:00,0,0,0.7032,23.672
08/07/2013 22:00,0,0,0.7665,22.468
08/07/2013 23:00,0,0.5422095,0.79258,21.342
08/08/2013 0:00,0,0,0.87683,19.457
08/08/2013 1:00,0.100063365,0.454334,0.86252,19.314
08/08/2013 2:00,0,0,0.9195,17.697
08/08/2013 3:00,0,0.005609063,0.89571,17.934
08/08/2013 4:00,0.100063365,0,0.95111,16.745
08/08/2013 5:00,9.005698537,0,0.95972,16.055
08/08/2013 6:00,159.8011647,0,0.95954,17.173
08/08/2013 7:00,286.5814318,0,0.83339,20.267
08/08/2013 8:00,490.0101396,0.41133125,0.64051,25.176
08/08/2013 9:00,685.6340153,0.913280746,0.57996,27.163
08/08/2013 10:00,640.0051279,0.729180647,0.5348,28.98
08/08/2013 11:00,654.2140563,0.500814505,0.42212,30.905
08/08/2013 12:00,857.6426784,0.961281366,0.37093,33.369
08/08/2013 13:00,784.396489,1.255196806,0.24747,35.584
08/08/2013 14:00,716.153318,2.029778997,0.23758,36.648
08/08/2013 15:00,591.6745283,0.998569012,0.25686,36.401
08/08/2013 16:00,462.2926505,1.23093767,0.23013,36.1
08/08/2013 17:00,303.0918378,0.947509302,0.23199,35.692
08/08/2013 18:00,145.5921506,0.26549575,0.29343,33.844
08/08/2013 19:00,21.41355404,0.125269075,0.35617,31.418
08/08/2013 20:00,0,0,0.52967,26.424
08/08/2013 21:00,0.100063365,0.44498575,0.61895,23.963
08/08/2013 22:00,0.100063365,1.041416,0.62591,23.359
08/08/2013 23:00,0,0,0.69207,22.132
08/09/2013 0:00,0,0.946062,0.66362,21.893
08/09/2013 1:00,0.100063365,0.151444675,0.73694,20.267
08/09/2013 2:00,0,0.40198275,0.73883,20.196
08/09/2013 3:00,0.100063365,0.97410725,0.76894,19.433
08/09/2013 4:00,0,0,0.84106,18.481
08/09/2013 5:00,9.105765755,0.823885387,0.67018,22.733
08/09/2013 6:00,111.9709012,0.951760991,0.64028,24.132
08/09/2013 7:00,165.6048235,0.585510663,0.61679,24.908
08/09/2013 8:00,178.0126962,1.500403084,0.61953,25.274
08/09/2013 9:00,629.0982635,2.396096993,0.54488,27.757
08/09/2013 10:00,691.4376742,2.456096065,0.50534,29.282
08/09/2013 11:00,770.1875606,2.681119496,0.48225,29.989
08/09/2013 12:00,794.1026495,2.58362499,0.46988,30.548
08/09/2013 13:00,746.4725033,1.87944617,0.39423,31.367
08/09/2013 14:00,705.0462507,1.604628792,0.40347,31.547
08/09/2013 15:00,586.4712214,2.228181925,0.43887,31.341
08/09/2013 16:00,111.1703463,2.287618179,0.45932,30.217
08/09/2013 17:00,99.6630444,1.165977634,0.5415,26.941
08/09/2013 18:00,56.53578604,1.316351762,0.50924,25.201
08/09/2013 19:00,0,5.252518368,0.50797,24.011
08/09/2013 20:00,0,0.001869688,0.91624,16.817
08/09/2013 21:00,0,0.438659802,0.92996,17.316
08/09/2013 22:00,0,1.402006213,0.97008,17.126
08/09/2013 23:00,0,1.331658589,0.95454,16.959
08/10/2013 0:00,0,2.552770806,0.90116,17.411
08/10/2013 1:00,0,1.461609057,0.83501,17.269
08/10/2013 2:00,0,0.84135925,0.85406,16.722
08/10/2013 3:00,0,0.041175586,0.84718,16.46
08/10/2013 4:00,0.100063365,1.092671993,0.81548,16.698
08/10/2013 5:00,2.401519895,1.529337007,0.78931,16.983
08/10/2013 6:00,37.42369239,0.946948158,0.74326,17.625
08/10/2013 7:00,169.1070049,0.341268012,0.7258,18.41
08/10/2013 8:00,203.7289265,1.073215177,0.70045,19.005
08/10/2013 9:00,242.2533497,2.276755941,0.60809,19.695
08/10/2013 10:00,674.8271668,2.849738644,0.50052,21.27
08/10/2013 11:00,479.0031737,1.694383509,0.49349,21.94
08/10/2013 12:00,576.1647089,2.194880297,0.4583,22.372
08/10/2013 13:00,356.5256428,2.583705872,0.50233,21.916
08/10/2013 14:00,335.1121487,2.368920522,0.48874,21.701
08/10/2013 15:00,615.9899375,4.371560691,0.43281,22.348
08/10/2013 16:00,480.0038459,2.736998079,0.3836,22.997
08/10/2013 17:00,329.2083884,2.457223158,0.4105,22.733
08/10/2013 18:00,153.0969351,1.430949884,0.45809,21.94
08/10/2013 19:00,25.51614728,1.817383376,0.52176,20.697
08/10/2013 20:00,0.100063365,0,0.63651,18.481
08/10/2013 21:00,0,0,0.81085,15.341
08/10/2013 22:00,0,0.7983565,0.81368,14.745
08/10/2013 23:00,0,0.60577875,0.80881,14.41
08/11/2013 0:00,0,0.018696875,0.86631,12.95
08/11/2013 1:00,0,0.158923425,0.8842,12.637
08/11/2013 2:00,0.100063365,0.033654375,0.92552,11.262
08/11/2013 3:00,0.100063365,0.837622087,0.89603,11.867
08/11/2013 4:00,0,0,0.93747,10.413
08/11/2013 5:00,6.504116562,0.71609025,0.95784,10.413
08/11/2013 6:00,145.191916,0.66560875,0.91661,11.939
08/11/2013 7:00,317.1007345,0.951788537,0.83436,14.912
08/11/2013 8:00,485.507286,0.039263425,0.66849,19.409
08/11/2013 9:00,630.4990847,0.179820796,0.526,22.853
08/11/2013 10:00,686.6346019,0.737605443,0.43138,24.495
08/11/2013 11:00,892.0650821,0.716705056,0.38843,25.444
08/11/2013 12:00,817.8176211,0.333538835,0.39423,25.933
08/11/2013 13:00,696.1406451,0.458454709,0.44311,25.079
08/11/2013 14:00,588.1722613,1.82417966,0.43054,25.762
08/11/2013 15:00,287.4820025,0.41694025,0.50665,24.447
08/11/2013 16:00,87.85560933,0.770456455,0.48517,24.132
08/11/2013 17:00,94.25962014,1.151795749,0.49199,23.721
08/11/2013 18:00,75.04750208,0.669246339,0.51348,23.624
08/11/2013 19:00,11.30715892,0,0.63341,21.653
08/11/2013 20:00,0,0,0.73306,20.363
08/11/2013 21:00,0,0,0.77603,19.552
08/11/2013 22:00,0,0,0.80471,19.195
08/11/2013 23:00,0,0,0.7976,19.028
08/12/2013 0:00,0,0,0.81357,18.624
08/12/2013 1:00,0,0.38515575,0.75495,18.886
08/12/2013 2:00,0,0.519773,0.76993,18.529
08/12/2013 3:00,0,0,0.82178,17.792
08/12/2013 4:00,0,0.237450325,0.84458,17.364
08/12/2013 5:00,1.000633647,0.233710925,0.84012,17.459
08/12/2013 6:00,25.6162145,0.47864,0.8383,17.506
08/12/2013 7:00,84.75364545,0.71796,0.79428,18.529
08/12/2013 8:00,230.7460478,0.28232275,0.73707,19.743
08/12/2013 9:00,152.4964975,0.041133125,0.668,20.816
08/12/2013 10:00,336.3128526,0.18400043,0.6484,21.246
08/12/2013 11:00,721.7568596,0.860107055,0.54708,23.335
08/12/2013 12:00,840.6321076,0.492647474,0.52428,24.811
08/12/2013 13:00,796.3040255,0.743094292,0.4907,25.689
08/12/2013 14:00,734.0646307,1.642784168,0.45815,26.793
08/12/2013 15:00,630.3990689,1.096595197,0.42548,27.385
08/12/2013 16:00,474.7004375,1.289048686,0.39468,26.99
08/12/2013 17:00,316.1000623,1.252507783,0.40193,26.645
08/12/2013 18:00,150.3952229,0.852068945,0.42372,25.811
08/12/2013 19:00,16.110197,0.282421789,0.4978,23.528
08/12/2013 20:00,0.100063365,0,0.72757,19.624
08/12/2013 21:00,0.300190008,0,0.77922,17.673
08/12/2013 22:00,0,0.0448725,0.82411,16.841
08/12/2013 23:00,0.100063365,1.11433375,0.80328,16.841
08/13/2013 0:00,0,0,0.82515,16.936
08/13/2013 1:00,0,0,0.88034,15.46
08/13/2013 2:00,0,0,0.90643,14.363
08/13/2013 3:00,0.300190008,1.12929125,0.90417,14.41
08/13/2013 4:00,0.100063365,0.5983,0.88069,14.936
08/13/2013 5:00,3.702343208,0,0.91115,14.458
08/13/2013 6:00,126.0798138,0,0.92217,15.174
08/13/2013 7:00,67.04243291,0.47490075,0.8387,17.197
08/13/2013 8:00,47.53008751,0.091614675,0.91127,17.173
08/13/2013 9:00,338.113994,0.243059375,0.91178,18.029
08/13/2013 10:00,683.5326551,0.228293361,0.7334,21.438
08/13/2013 11:00,486.5079582,0.753484,0.66516,22.949
08/13/2013 12:00,751.5757945,1.179920893,0.60994,24.471
08/13/2013 13:00,127.6808379,1.698444327,0.51579,24.398
08/13/2013 14:00,79.85054016,0.357496767,0.76726,20.291
08/13/2013 15:00,43.82773745,0.731203119,0.86789,18.91
08/13/2013 16:00,71.44521924,0.214289353,0.90915,17.506
08/13/2013 17:00,35.72260962,1.274047709,0.92843,17.34
08/13/2013 18:00,56.6358447,0.865697555,0.92822,16.841
08/13/2013 19:00,5.103230313,0,0.93007,16.841
08/13/2013 20:00,0,0.815320963,0.92471,16.603
08/13/2013 21:00,0,0.454334,0.93783,16.27
08/13/2013 22:00,0,0.093484375,0.94318,16.008
08/13/2013 23:00,0,0.603920577,0.93635,15.794
08/14/2013 0:00,0,0.693654,0.95868,15.365
08/14/2013 1:00,0,0.26549575,0.9671,15.031
08/14/2013 2:00,0,0.001869688,0.96672,14.697
08/14/2013 3:00,0,0.57586375,0.96814,14.554
08/14/2013 4:00,0,0.584312493,0.95579,14.267
08/14/2013 5:00,0.300190008,0.413239069,0.95762,13.885
08/14/2013 6:00,13.80873662,0.41507075,0.96802,13.741
08/14/2013 7:00,46.22926505,0.7871385,0.97109,14.028
08/14/2013 8:00,145.0918145,0.53286428,0.96183,14.601
08/14/2013 9:00,254.3610036,1.095391175,0.93828,15.627
08/14/2013 10:00,482.6054566,1.146965923,0.86225,17.078
08/14/2013 11:00,325.4059882,1.675039664,0.82933,17.197
08/14/2013 12:00,377.9392225,0.52354595,0.74166,18.41
08/14/2013 13:00,179.9138534,0.031784675,0.71379,18.957
08/14/2013 14:00,226.7435304,0.616421487,0.78746,18.505
08/14/2013 15:00,95.46040963,0.850140511,0.83086,18.006
08/14/2013 16:00,75.74794692,0.449849337,0.84447,17.554
08/14/2013 17:00,65.14123283,0.170541739,0.847,17.459
08/14/2013 18:00,51.13236178,0.083719432,0.86483,17.364
08/14/2013 19:00,6.404053625,0.565091203,0.87012,16.841
08/14/2013 20:00,0,0.489861568,0.89423,15.889
08/14/2013 21:00,0.100063365,0.102832825,0.91241,15.389
08/14/2013 22:00,0,0,0.94614,14.434
08/14/2013 23:00,0,0.099093425,0.95379,14.291
08/15/2013 0:00,0,0.12713875,0.96139,14.339
08/15/2013 1:00,0,0.603909,0.96174,13.597
08/15/2013 2:00,0,0.639435983,0.96666,12.854
08/15/2013 3:00,0.300190008,1.06572364,0.89384,13.334
08/15/2013 4:00,0,0.929236631,0.91575,12.011
08/15/2013 5:00,3.902469937,1.0862885,0.89842,11.77
08/15/2013 6:00,122.2774136,0.826404115,0.85103,12.493
08/15/2013 7:00,300.8904617,0.723569,0.73551,14.721
08/15/2013 8:00,471.3983734,1.516348873,0.52774,17.839
08/15/2013 9:00,624.1950897,1.028343547,0.45614,19.814
08/15/2013 10:00,730.7625667,0.685206751,0.39173,20.434
08/15/2013 11:00,845.1349612,0.473784063,0.39577,21.174
08/15/2013 12:00,819.4186452,0.983427188,0.41301,21.174
08/15/2013 13:00,560.5547881,0.921530344,0.42473,21.509
08/15/2013 14:00,871.2518543,0.658950131,0.40264,22.709
08/15/2013 15:00,207.4313108,0.423479183,0.42009,21.414
08/15/2013 16:00,514.4256502,0.39203304,0.42675,21.581
08/15/2013 17:00,143.8911107,0.95541025,0.4381,21.342
08/15/2013 18:00,137.6871315,0.910908156,0.45832,20.553
08/15/2013 19:00,11.70741067,0.047667877,0.57869,18.006
08/15/2013 20:00,0,0.001869688,0.7419,14.649
08/15/2013 21:00,0.100063365,0.4935975,0.81203,12.878
08/15/2013 22:00,0.200126644,0.190708125,0.8602,11.722
08/15/2013 23:00,0.100063365,0.76096275,0.8346,11.674
08/16/2013 0:00,0.100063365,0.86566525,0.84654,11.141
08/16/2013 1:00,0.100063365,0.75909325,0.86731,10.461
08/16/2013 2:00,0.100063365,0.903059,0.85019,10.413
08/16/2013 3:00,0,1.022719,0.87267,9.73
08/16/2013 4:00,0.100063365,0.7216995,0.88192,9.215
08/16/2013 5:00,3.001900083,0.882494481,0.8887,8.896
08/16/2013 6:00,124.5788911,0.63569375,0.859,9.754
08/16/2013 7:00,301.7910324,0.35524075,0.80794,12.517
08/16/2013 8:00,480.0038459,0.52164275,0.64683,17.031
08/16/2013 9:00,627.897474,1.331852832,0.50921,19.076
08/16/2013 10:00,733.7644976,0.692847321,0.41601,20.959
08/16/2013 11:00,812.6143998,0.655439598,0.41992,22.132
08/16/2013 12:00,833.5275578,0.420184959,0.38794,23.07
08/16/2013 13:00,808.4116794,0.967763333,0.35072,23.89
08/16/2013 14:00,736.7663428,0.231871404,0.34157,24.084
08/16/2013 15:00,618.691564,0.942237196,0.34311,24.665
08/16/2013 16:00,472.0988268,0.507302535,0.34534,24.908
08/16/2013 17:00,315.4997104,0.6618695,0.38872,24.132
08/16/2013 18:00,145.2919318,0,0.39525,24.084
08/16/2013 19:00,10.70677274,0,0.55755,20.482
08/16/2013 20:00,0.200126644,0,0.70982,16.103
08/16/2013 21:00,0.100063365,0,0.79799,14.267
08/16/2013 22:00,0.100063365,0.532861,0.80917,14.076
08/16/2013 23:00,0,1.005892,0.82948,13.238
08/17/2013 0:00,0.100063365,0.47116125,0.85486,12.637
08/17/2013 1:00,0,0.91614675,0.87014,11.867
08/17/2013 2:00,0.200126644,0.213144375,0.9235,10.777
08/17/2013 3:00,0,0,0.91577,9.974
08/17/2013 4:00,0,0.67121775,0.90847,10.364
08/17/2013 5:00,3.802407,0,0.95405,8.994
08/17/2013 6:00,119.6757173,0.747875,0.8971,11.238
08/17/2013 7:00,311.4971929,0,0.79775,14.41
08/17/2013 8:00,468.9968801,0.46181275,0.65525,18.291
08/17/2013 9:00,613.1881239,0.444851992,0.53099,22.372
08/17/2013 10:00,719.8557023,1.344558787,0.46769,23.745
08/17/2013 11:00,797.4047136,0.749219966,0.43152,24.908
08/17/2013 12:00,814.3154397,0.757613519,0.45045,25.786
08/17/2013 13:00,785.7973958,0.926507094,0.40243,26.498
08/17/2013 14:00,712.0506991,0.977490732,0.40292,26.645
08/17/2013 15:00,588.2723628,1.066610489,0.4214,27.262
08/17/2013 16:00,441.67954,0.834412891,0.38463,27.559
08/17/2013 17:00,284.6801889,0.509039418,0.42602,26.694
08/17/2013 18:00,126.1798296,0.450342481,0.44572,25.64
08/17/2013 19:00,8.805572664,0,0.57274,23.19
08/17/2013 20:00,0,0,0.74601,18.862
08/17/2013 21:00,0,0.009348438,0.78686,17.554
08/17/2013 22:00,0,0.998413,0.78945,17.578
08/17/2013 23:00,0,0.81518375,0.81195,16.603
08/18/2013 0:00,0,0.39263425,0.8302,15.865
08/18/2013 1:00,0,0.98906475,0.86398,15.15
08/18/2013 2:00,0,0.7329175,0.8826,14.506
08/18/2013 3:00,0.100063365,0.2262322,0.87129,13.693
08/18/2013 4:00,0,0.114050925,0.93372,12.541
08/18/2013 5:00,3.001900083,0,0.9542,11.915
08/18/2013 6:00,107.8682823,0.3197165,0.96136,13.07
08/18/2013 7:00,286.3813145,0.65065125,0.78619,17.102
08/18/2013 8:00,452.6865058,0.129008425,0.65529,22.108
08/18/2013 9:00,598.2786564,1.1966,0.62009,23.914
08/18/2013 10:00,694.5396209,1.338688475,0.49836,25.664
08/18/2013 11:00,774.79043,1.386402093,0.4178,26.99
08/18/2013 12:00,794.4028683,1.202009865,0.41411,27.832
08/18/2013 13:00,764.984168,1.168711817,0.39189,28.78
08/18/2013 14:00,705.1463522,1.177233652,0.37026,29.231
08/18/2013 15:00,589.5731681,1.288324647,0.32821,29.433
08/18/2013 16:00,456.488906,1.115570696,0.29667,29.711
08/18/2013 17:00,295.7872562,0.925306575,0.37616,28.755
08/18/2013 18:00,128.9816432,0.302016812,0.42691,27.485
08/18/2013 19:00,5.90373723,0,0.56834,23.576
08/18/2013 20:00,0,0,0.73489,19.219
08/18/2013 21:00,0.200126644,1.06385225,0.7486,18.576
08/18/2013 22:00,0.100063365,1.0862885,0.77183,17.934
08/18/2013 23:00,0,1.0133705,0.77918,17.387
08/19/2013 0:00,0,0,0.86235,15.722
08/19/2013 1:00,0,0.651427137,0.8315,16.198
08/19/2013 2:00,0,0.11966,0.8751,14.84
08/19/2013 3:00,0.100063365,0.508555,0.8913,14.792
08/19/2013 4:00,0.100063365,0.9535405,0.89804,14.506
08/19/2013 5:00,3.602280271,0.5235125,0.89574,14.649
08/19/2013 6:00,63.34009141,0.32532575,0.87942,15.412
08/19/2013 7:00,241.2526776,0.003739375,0.84003,18.029
08/19/2013 8:00,392.1482366,0.69926325,0.68775,21.39
08/19/2013 9:00,541.0424513,0.38332704,0.65053,23.552
08/19/2013 10:00,674.6270495,1.113115818,0.59351,25.42
08/19/2013 11:00,706.8473921,1.604703951,0.49543,26.867
08/19/2013 12:00,726.9601665,0.548784457,0.45611,28.081
08/19/2013 13:00,485.0070356,0.673879097,0.43171,28.529
08/19/2013 14:00,739.2679377,1.494334087,0.43223,29.282
08/19/2013 15:00,592.4749976,1.759082768,0.40625,29.761
08/19/2013 16:00,433.8746224,0.454083814,0.41904,29.307
08/19/2013 17:00,253.7606517,0.698297674,0.44148,28.73
08/19/2013 18:00,58.13680159,0.109020579,0.505,27.311
08/19/2013 19:00,5.303357042,0,0.65789,23.793
08/19/2013 20:00,0,0,0.71707,21.151
08/19/2013 21:00,0,1.147490034,0.60096,22.685
08/19/2013 22:00,0.100063365,1.699392813,0.57823,21.509
08/19/2013 23:00,0,0.963193972,0.69876,19.671
08/20/2013 0:00,0,1.382553809,0.77389,17.697
08/20/2013 1:00,0,1.087258247,0.77929,17.031
08/20/2013 2:00,0,0.205665625,0.88034,15.913
08/20/2013 3:00,0,0.502946,0.9036,15.794
08/20/2013 4:00,0,0,0.91644,15.412
08/20/2013 5:00,0.500316652,1.112503278,0.87898,15.341
08/20/2013 6:00,34.42178716,0.915517006,0.8595,15.317
08/20/2013 7:00,86.25458522,0.467829236,0.77632,16.555
08/20/2013 8:00,118.1747947,0.871196272,0.66127,18.006
08/20/2013 9:00,210.3331403,1.318394811,0.59432,18.862
08/20/2013 10:00,265.0677506,1.782160428,0.59117,18.6
08/20/2013 11:00,232.0468531,0.725065058,0.67001,18.101
08/20/2013 12:00,313.1982329,1.599397099,0.61625,19.314
08/20/2013 13:00,507.4212018,2.497097604,0.53704,20.243
08/20/2013 14:00,329.9088418,2.824692214,0.51151,20.076
08/20/2013 15:00,176.8119067,2.031537429,0.53731,19.124
08/20/2013 16:00,166.805613,2.224580025,0.51726,19.243
08/20/2013 17:00,139.1881398,3.108028028,0.51289,18.791
08/20/2013 18:00,64.440788,1.396481465,0.54179,17.934
08/20/2013 19:00,4.202660459,0.683487891,0.58325,17.221
08/20/2013 20:00,0.100063365,1.186608075,0.62154,16.864
08/20/2013 21:00,0,1.488352395,0.63849,16.841
08/20/2013 22:00,0,1.722672236,0.63331,16.769
08/20/2013 23:00,0,2.020536256,0.63103,16.65
08/21/2013 0:00,0,1.611714951,0.64286,16.27
08/21/2013 1:00,0,1.188399195,0.62403,16.389
08/21/2013 2:00,0,1.205675942,0.61339,16.46
08/21/2013 3:00,0,0.567554126,0.59909,16.341
08/21/2013 4:00,0,0.845365449,0.63515,15.746
08/21/2013 5:00,0.500316652,1.004667935,0.63722,15.746
08/21/2013 6:00,59.13743095,0.810733222,0.64922,15.674
08/21/2013 7:00,206.630756,1.141166598,0.62088,16.65
08/21/2013 8:00,223.1412475,1.833409532,0.60621,17.031
08/21/2013 9:00,460.0911888,2.065448783,0.58666,18.243
08/21/2013 10:00,783.8961529,2.419171176,0.53695,19.957
08/21/2013 11:00,828.9246884,2.842343503,0.51328,20.458
08/21/2013 12:00,805.3097326,2.726021349,0.48903,21.438
08/21/2013 13:00,775.1907502,2.483087124,0.483,22.18
08/21/2013 14:00,699.5428106,2.713944943,0.44993,22.637
08/21/2013 15:00,579.0665384,2.200491863,0.42046,22.612
08/21/2013 16:00,437.2767879,1.873665577,0.44275,22.564
08/21/2013 17:00,270.5712764,2.881597565,0.46517,21.701
08/21/2013 18:00,106.6674928,2.140229574,0.49203,20.577
08/21/2013 19:00,4.00253373,1.156337733,0.54553,19.028
08/21/2013 20:00,0.100063365,0.0448725,0.61221,17.387
08/21/2013 21:00,0,0,0.77074,14.148
08/21/2013 22:00,0,0.177620325,0.77272,13.358
08/21/2013 23:00,0,0,0.82649,12.517
08/22/2013 0:00,0,0.001869688,0.83008,13.382
08/22/2013 1:00,0,0,0.84115,12.06
08/22/2013 2:00,0,0.78366892,0.83019,12.71
08/22/2013 3:00,0,0,0.85197,11.746
08/22/2013 4:00,0.200126644,0.80022625,0.88418,11.432
08/22/2013 5:00,1.500950042,1.155480364,0.8618,11.722
08/22/2013 6:00,26.71691108,0.818923,0.8448,12.011
08/22/2013 7:00,265.9683213,0.033654375,0.76364,14.649
08/22/2013 8:00,451.7859351,0.589248201,0.61124,17.72
08/22/2013 9:00,608.3851372,1.901740518,0.50937,19.886
08/22/2013 10:00,722.8575476,2.30072239,0.42671,20.697
08/22/2013 11:00,783.0956837,1.248011841,0.45518,21.653
08/22/2013 12:00,808.3116636,1.346394411,0.40812,22.348
08/22/2013 13:00,778.1925955,0.963119654,0.41478,23.07
08/22/2013 14:00,695.6403946,0.971044783,0.43151,23.479
08/22/2013 15:00,602.6814942,0.230389203,0.41256,24.011
08/22/2013 16:00,495.2134465,1.263941815,0.41318,23.987
08/22/2013 17:00,261.4654678,1.293176494,0.42937,23.311
08/22/2013 18:00,108.0683996,1.272852098,0.46121,22.132
08/22/2013 19:00,5.103230313,0.70674175,0.567,19.171
08/22/2013 20:00,0,0,0.66619,15.96
08/22/2013 21:00,0,0.005609063,0.71718,14.84
08/22/2013 22:00,0,1.13490025,0.73081,14.792
08/22/2013 23:00,0,1.415354735,0.75529,14.004
08/23/2013 0:00,0,0.9965435,0.74855,13.741
08/23/2013 1:00,0,0.89931975,0.76521,13.238
08/23/2013 2:00,0,1.170461583,0.78667,12.734
08/23/2013 3:00,0,1.13490025,0.78978,12.637
08/23/2013 4:00,0,0.873144,0.84035,11.48
08/23/2013 5:00,1.000633647,0.0149575,0.89538,10.12
08/23/2013 6:00,87.05514009,0.79648675,0.88329,10.85
08/23/2013 7:00,258.4636225,0.58708175,0.79572,13.597
08/23/2013 8:00,427.6707289,0.114050925,0.65138,17.601
08/23/2013 9:00,570.8613862,0.573579719,0.59458,19.409
08/23/2013 10:00,685.3337965,0.841635689,0.54318,21.055
08/23/2013 11:00,751.1754742,1.149432157,0.49444,22.42
08/23/2013 12:00,747.4730899,1.060987822,0.47084,23.697
08/23/2013 13:00,732.4636922,1.115062939,0.44211,24.495
08/23/2013 14:00,640.3053467,1.240206247,0.44034,24.933
08/23/2013 15:00,425.6694702,0.568928978,0.47503,24.738
08/23/2013 16:00,258.2635052,0.572872422,0.47491,24.641
08/23/2013 17:00,247.3565552,0.462402802,0.49057,24.35
08/23/2013 18:00,93.95948699,0,0.52526,23.455
08/23/2013 19:00,3.902469937,0,0.63827,21.127
08/23/2013 20:00,0,0,0.67569,19.957
08/23/2013 21:00,0,0,0.72581,18.267
08/23/2013 22:00,0,0,0.80893,16.365
08/23/2013 23:00,0.100063365,0.162662825,0.79444,16.365
08/24/2013 0:00,0,0.51042475,0.7789,16.579
08/24/2013 1:00,0.100063365,0.777792247,0.79406,16.317
08/24/2013 2:00,0,0.8170535,0.73325,17.055
08/24/2013 3:00,0,1.306977031,0.71726,17.578
08/24/2013 4:00,0,0.012542245,0.6725,18.339
08/24/2013 5:00,0.100063365,0,0.73554,17.055
08/24/2013 6:00,6.103863959,0,0.86822,16.032
08/24/2013 7:00,18.81190913,0.001869688,0.95562,14.792
08/24/2013 8:00,57.13616366,0.0430028,0.97333,15.055
08/24/2013 9:00,75.74794692,0.093559133,0.94211,15.794
08/24/2013 10:00,148.5940815,0.03328884,0.91505,16.341
08/24/2013 11:00,91.45789217,0.568145025,0.92006,16.436
08/24/2013 12:00,146.9930574,0.958945505,0.95283,16.103
08/24/2013 13:00,165.1044875,0.05422095,0.95517,16.103
08/24/2013 14:00,141.8898519,0.60016975,0.93504,16.412
08/24/2013 15:00,256.5623796,0.108441875,0.91032,17.221
08/24/2013 16:00,197.6250489,0.28681883,0.87837,17.578
08/24/2013 17:00,100.9639354,0,0.87115,17.506
08/24/2013 18:00,73.14630201,0.4524645,0.87293,17.34
08/24/2013 19:00,1.701076771,0,0.93482,16.841
08/24/2013 20:00,0,0,0.95854,15.508
08/24/2013 21:00,0.100063365,0.63008475,0.98101,14.769
08/24/2013 22:00,0,0,0.98522,13.693
08/24/2013 23:00,0,0,0.97778,12.637
08/25/2013 0:00,0,0,0.9874,11.818
08/25/2013 1:00,0,0,0.98852,11.044
08/25/2013 2:00,0,0,0.99758,10.802
08/25/2013 3:00,0,0.6543905,1,10.656
08/25/2013 4:00,0.100063365,0.65065125,1,10.364
08/25/2013 5:00,2.10133023,0.35711025,1,10.072
08/25/2013 6:00,56.1355343,0,1,11.02
08/25/2013 7:00,78.44965905,0.28045325,0.9967,12.277
08/25/2013 8:00,51.33248766,0.181359675,0.97088,13.286
08/25/2013 9:00,269.4705883,0,0.98385,14.219
08/25/2013 10:00,79.25016254,0,0.94694,15.341
08/25/2013 11:00,155.398327,1.464652891,0.92894,15.77
08/25/2013 12:00,65.34135871,0.67495725,0.9168,15.555
08/25/2013 13:00,74.14693137,0.403856828,0.95302,15.579
08/25/2013 14:00,109.3692049,0.065439075,0.94764,15.913
08/25/2013 15:00,39.12476659,0.26175625,0.96435,15.651
08/25/2013 16:00,84.25332649,0.551430978,0.97299,15.984
08/25/2013 17:00,105.8670235,0.675958508,0.94992,16.389
08/25/2013 18:00,52.03293249,0.065439075,0.94158,16.198
08/25/2013 19:00,1.500950042,0.03739375,0.97294,15.484
08/25/2013 20:00,0,0.364589,0.98665,15.341
08/25/2013 21:00,0,0.05422095,0.97852,15.174
08/25/2013 22:00,0,0.3197165,0.95576,15.436
08/25/2013 23:00,0,0.2841925,0.95936,14.936
08/26/2013 0:00,0,0,0.97487,14.673
08/26/2013 1:00,0,0,0.9732,14.625
08/26/2013 2:00,0,0.058560332,0.95224,14.291
08/26/2013 3:00,0,0.22997915,0.95867,13.31
08/26/2013 4:00,0,0.27297425,0.98575,12.686
08/26/2013 5:00,0.500316652,1.11247814,0.9725,12.469
08/26/2013 6:00,37.92400279,0.906891015,0.98436,12.18
08/26/2013 7:00,60.23812754,0.88062275,0.96724,12.974
08/26/2013 8:00,107.9682981,0,0.95626,14.052
08/26/2013 9:00,77.34896246,0.001869688,0.95462,14.41
08/26/2013 10:00,212.5345163,0.371258983,0.91843,15.365
08/26/2013 11:00,437.9772413,0.23833932,0.85008,16.888
08/26/2013 12:00,754.3774368,1.181851108,0.77383,18.767
08/26/2013 13:00,296.4877096,1.11742261,0.77247,18.933
08/26/2013 14:00,387.1450469,0.636147388,0.70633,19.647
08/26/2013 15:00,247.9569928,1.6025361,0.75103,19.076
08/26/2013 16:00,176.3115706,1.897729066,0.7519,18.791
08/26/2013 17:00,110.970229,0.878880289,0.82931,17.934
08/26/2013 18:00,37.92400279,0.02243625,0.84153,17.839
08/26/2013 19:00,1.300823312,0.748904955,0.85598,17.078
08/26/2013 20:00,0,0.001869688,0.89129,16.222
08/26/2013 21:00,0,0,0.92032,15.698
08/26/2013 22:00,0,0.4524645,0.91427,15.603
08/26/2013 23:00,0,0.31597725,0.95832,15.031
08/27/2013 0:00,0,0,0.97109,14.792
08/27/2013 1:00,0,0,0.97998,14.578
08/27/2013 2:00,0,0,0.98769,14.506
08/27/2013 3:00,0,0,0.99276,14.41
08/27/2013 4:00,0,0.486927077,0.9916,14.171
08/27/2013 5:00,0,0.293541,0.99412,14.076
08/27/2013 6:00,2.701710417,0,0.99726,13.932
08/27/2013 7:00,15.50981938,0,0.99892,14.076
08/27/2013 8:00,64.64091387,0,0.99854,14.578
08/27/2013 9:00,138.4876864,0.00747875,0.96985,15.293
08/27/2013 10:00,244.6548431,1.365122976,0.95154,16.008
08/27/2013 11:00,186.9183018,1.338249582,0.94361,16.174
08/27/2013 12:00,392.7485885,1.112055547,0.91311,16.841
08/27/2013 13:00,411.8606907,1.29744184,0.88114,17.601
08/27/2013 14:00,597.8784218,0.27707356,0.80223,18.957
08/27/2013 15:00,387.7454845,0.339733137,0.77412,19.457
08/27/2013 16:00,304.7928777,0.772181,0.76275,19.767
08/27/2013 17:00,98.96267663,0.033654375,0.76447,19.624
08/27/2013 18:00,67.24255878,0,0.84798,19.219
08/27/2013 19:00,1.200760376,0.663739,0.89869,17.72
08/27/2013 20:00,0,0.009348438,0.93117,16.65
08/27/2013 21:00,0,0,0.95929,15.794
08/27/2013 22:00,0.100063365,0.26549575,0.97267,15.77
08/27/2013 23:00,0,0.7441355,0.96606,15.222
08/28/2013 0:00,0.100063365,0.83763878,0.95455,15.865
08/28/2013 1:00,0,1.077462389,0.90014,15.579
08/28/2013 2:00,0,0.992804,0.97851,14.506
08/28/2013 3:00,0,0.001869688,0.98672,14.339
08/28/2013 4:00,0,0.64504225,0.99149,14.41
08/28/2013 5:00,0.200126644,0.38702525,0.9903,14.53
08/28/2013 6:00,15.91007113,0,0.99107,14.625
08/28/2013 7:00,74.04687272,0.428121695,0.98262,15.079
08/28/2013 8:00,85.45409029,0.69456305,0.95348,15.555
08/28/2013 9:00,158.900594,1.204615791,0.91139,16.365
08/28/2013 10:00,142.99054,1.499280709,0.92072,15.96
08/28/2013 11:00,327.6073642,1.514461878,0.89474,16.65
08/28/2013 12:00,113.4718238,0.786745468,0.88143,16.365
08/28/2013 13:00,305.3933153,1.741221332,0.87334,17.055
08/28/2013 14:00,362.0291685,1.815932618,0.82273,17.72
08/28/2013 15:00,55.73528255,1.718424889,0.80857,16.841
08/28/2013 16:00,73.04623479,0.796488944,0.86048,16.317
08/28/2013 17:00,31.31982329,1.247452863,0.83777,16.055
08/28/2013 18:00,27.71754045,0.158350505,0.8332,16.222
08/28/2013 19:00,0.500316652,0.214688657,0.82431,15.936
08/28/2013 20:00,0,1.047191923,0.84908,15.508
08/28/2013 21:00,0,0.256208656,0.81126,15.532
08/28/2013 22:00,0,1.002705106,0.80063,15.746
08/28/2013 23:00,0,1.4829369,0.7846,15.817
08/29/2013 0:00,0.100063365,1.49968648,0.78503,15.889
08/29/2013 1:00,0,1.262793573,0.82305,15.126
08/29/2013 2:00,0,0.987494175,0.79631,15.031
08/29/2013 3:00,0,0.940519808,0.83056,14.076
08/29/2013 4:00,0.100063365,0.148743,0.84995,13.885
08/29/2013 5:00,0.200126644,0.349636499,0.81739,14.434
08/29/2013 6:00,46.02913061,0.693654,0.79521,15.293
08/29/2013 7:00,81.65168158,0.166496678,0.76145,16.055
08/29/2013 8:00,117.8745759,0.34762124,0.72787,16.508
08/29/2013 9:00,267.9696657,0.681125954,0.66929,17.863
08/29/2013 10:00,687.4350711,1.153901776,0.57944,19.886
08/29/2013 11:00,560.5547881,2.066195075,0.55112,20.315
08/29/2013 12:00,621.6934949,1.545780441,0.52049,20.912
08/29/2013 13:00,734.6650683,1.931780767,0.45547,21.366
08/29/2013 14:00,501.9176761,2.241520569,0.44452,21.605
08/29/2013 15:00,599.979782,1.271663845,0.40816,22.084
08/29/2013 16:00,425.1691341,1.041133985,0.41645,22.228
08/29/2013 17:00,193.8226487,1.654373427,0.48036,20.363
08/29/2013 18:00,41.02596666,0.839014746,0.49636,18.6
08/29/2013 19:00,0.500316652,0.518766684,0.52394,17.554
08/29/2013 20:00,0,0.34028325,0.60849,16.579
08/29/2013 21:00,0.100063365,0,0.72605,14.84
08/29/2013 22:00,0,0,0.7049,14.578
08/29/2013 23:00,0,0,0.77335,13.262
08/30/2013 0:00,0.200126644,1.09937625,0.85586,11.238
