DateTime,#1     Inflow Rate (cms),#1     Inflow Temp (*C),#2     Inflow Rate (cms),#2     Inflow Temp (*C)
07/01/2013 0:00,0,8.722,0,8.722
07/01/2013 1:00,0,8.6235,0,8.6235
07/01/2013 2:00,0,8.4745,0,8.4745
07/01/2013 3:00,0,8.3255,0,8.3255
07/01/2013 4:00,0,8.227,0,8.227
07/01/2013 5:00,0,8.1275,0,8.1275
07/01/2013 6:00,0,8.1275,0,8.1275
07/01/2013 7:00,0,8.2775,0,8.2775
07/01/2013 8:00,0,8.724,0,8.724
07/01/2013 9:00,0,8.775,0,8.775
07/01/2013 10:00,0,8.9725,0,8.9725
07/01/2013 11:00,0,9.0705,0,9.0705
07/01/2013 12:00,0,9.1685,0,9.1685
07/01/2013 13:00,0,9.3655,0,9.3655
07/01/2013 14:00,0,9.5615,0,9.5615
07/01/2013 15:00,0,9.708,0,9.708
07/01/2013 16:00,0,9.7565,0,9.7565
07/01/2013 17:00,0,9.8065,0,9.8065
07/01/2013 18:00,0,9.659,0,9.659
07/01/2013 19:00,0,9.6105,0,9.6105
07/01/2013 20:00,0,9.512,0,9.512
07/01/2013 21:00,0,9.413,0,9.413
07/01/2013 22:00,0,9.215,0,9.215
07/01/2013 23:00,0,9.0675,0,9.0675
07/02/2013 0:00,0,8.968,0,8.968
07/02/2013 1:00,0,8.82,0,8.82
07/02/2013 2:00,0,8.821,0,8.821
07/02/2013 3:00,0,8.723,0,8.723
07/02/2013 4:00,0,8.6735,0,8.6735
07/02/2013 5:00,0,8.6245,0,8.6245
07/02/2013 6:00,0,8.675,0,8.675
07/02/2013 7:00,0,8.874,0,8.874
07/02/2013 8:00,0,9.2195,0,9.2195
07/02/2013 9:00,0,9.6635,0,9.6635
07/02/2013 10:00,0,10.543,0,10.543
07/02/2013 11:00,0,11.46,0,11.46
07/02/2013 12:00,0,11.8435,0,11.8435
07/02/2013 13:00,0,11.316,0,11.316
07/02/2013 14:00,0,10.9275,0,10.9275
07/02/2013 15:00,0,10.7345,0,10.7345
07/02/2013 16:00,0,10.8355,0,10.8355
07/02/2013 17:00,0,10.638,0,10.638
07/02/2013 18:00,0,10.5405,0,10.5405
07/02/2013 19:00,0,10.4425,0,10.4425
07/02/2013 20:00,0,10.2955,0,10.2955
07/02/2013 21:00,0,10.149,0,10.149
07/02/2013 22:00,0,9.952,0,9.952
07/02/2013 23:00,0,9.805,0,9.805
07/03/2013 0:00,0,9.708,0,9.708
07/03/2013 1:00,0,9.659,0,9.659
07/03/2013 2:00,0,9.512,0,9.512
07/03/2013 3:00,0,9.4635,0,9.4635
07/03/2013 4:00,0,9.4145,0,9.4145
07/03/2013 5:00,0,9.3655,0,9.3655
07/03/2013 6:00,0,9.415,0,9.415
07/03/2013 7:00,0,9.564,0,9.564
07/03/2013 8:00,0,9.9085,0,9.9085
07/03/2013 9:00,0,10.202,0,10.202
07/03/2013 10:00,0,10.932,0,10.932
07/03/2013 11:00,0,11.948,0,11.948
07/03/2013 12:00,0,12.0975,0,12.0975
07/03/2013 13:00,0,12.2465,0,12.2465
07/03/2013 14:00,0,12.438,0,12.438
07/03/2013 15:00,0,12.437,0,12.437
07/03/2013 16:00,0,12.438,0,12.438
07/03/2013 17:00,0,12,0,12
07/03/2013 18:00,0,11.7565,0,11.7565
07/03/2013 19:00,0,11.5135,0,11.5135
07/03/2013 20:00,0,11.2705,0,11.2705
07/03/2013 21:00,0,11.0765,0,11.0765
07/03/2013 22:00,0,10.881,0,10.881
07/03/2013 23:00,0,10.6865,0,10.6865
07/04/2013 0:00,0,10.5405,0,10.5405
07/04/2013 1:00,0,10.394,0,10.394
07/04/2013 2:00,0,10.2955,0,10.2955
07/04/2013 3:00,0,10.247,0,10.247
07/04/2013 4:00,0,10.149,0,10.149
07/04/2013 5:00,0,10.1005,0,10.1005
07/04/2013 6:00,0,10.1005,0,10.1005
07/04/2013 7:00,0,10.2485,0,10.2485
07/04/2013 8:00,0,10.493,0,10.493
07/04/2013 9:00,0,10.8355,0,10.8355
07/04/2013 10:00,0,11.0765,0,11.0765
07/04/2013 11:00,0,12.2275,0,12.2275
07/04/2013 12:00,0,12.1335,0,12.1335
07/04/2013 13:00,0,11.707,0,11.707
07/04/2013 14:00,0,11.997,0,11.997
07/04/2013 15:00,0,11.948,0,11.948
07/04/2013 16:00,0,11.659,0,11.659
07/04/2013 17:00,0,11.4655,0,11.4655
07/04/2013 18:00,0,11.2705,0,11.2705
07/04/2013 19:00,0,11.125,0,11.125
07/04/2013 20:00,0,10.979,0,10.979
07/04/2013 21:00,0,10.783,0,10.783
07/04/2013 22:00,0,10.637,0,10.637
07/04/2013 23:00,0,10.491,0,10.491
07/05/2013 0:00,0,10.394,0,10.394
07/05/2013 1:00,0,10.297,0,10.297
07/05/2013 2:00,0,10.298,0,10.298
07/05/2013 3:00,0,10.201,0,10.201
07/05/2013 4:00,0,10.1525,0,10.1525
07/05/2013 5:00,0,10.1525,0,10.1525
07/05/2013 6:00,0,10.202,0,10.202
07/05/2013 7:00,0,10.349,0,10.349
07/05/2013 8:00,0,10.739,0,10.739
07/05/2013 9:00,0,11.1765,0,11.1765
07/05/2013 10:00,0,11.855,0,11.855
07/05/2013 11:00,0,12.91,0,12.91
07/05/2013 12:00,0,13.15,0,13.15
07/05/2013 13:00,0,12.772,0,12.772
07/05/2013 14:00,0,12.9655,0,12.9655
07/05/2013 15:00,0,12.9175,0,12.9175
07/05/2013 16:00,0,12.871,0,12.871
07/05/2013 17:00,0,12.5805,0,12.5805
07/05/2013 18:00,0,12.29,0,12.29
07/05/2013 19:00,0,12.0955,0,12.0955
07/05/2013 20:00,0,11.903,0,11.903
07/05/2013 21:00,0,11.7575,0,11.7575
07/05/2013 22:00,0,11.6125,0,11.6125
07/05/2013 23:00,0,11.5645,0,11.5645
07/06/2013 0:00,0,11.4665,0,11.4665
07/06/2013 1:00,0,11.369,0,11.369
07/06/2013 2:00,0,11.321,0,11.321
07/06/2013 3:00,0,11.2245,0,11.2245
07/06/2013 4:00,0,11.2245,0,11.2245
07/06/2013 5:00,0,11.2245,0,11.2245
07/06/2013 6:00,0,11.2245,0,11.2245
07/06/2013 7:00,0,11.1755,0,11.1755
07/06/2013 8:00,0,11.273,0,11.273
07/06/2013 9:00,0,11.273,0,11.273
07/06/2013 10:00,0,11.5135,0,11.5135
07/06/2013 11:00,0,12.0955,0,12.0955
07/06/2013 12:00,0,12.6765,0,12.6765
07/06/2013 13:00,0,12.7755,0,12.7755
07/06/2013 14:00,0,13.064,0,13.064
07/06/2013 15:00,0,13.015,0,13.015
07/06/2013 16:00,0,13.0655,0,13.0655
07/06/2013 17:00,0,12.7745,0,12.7745
07/06/2013 18:00,0,12.5315,0,12.5315
07/06/2013 19:00,0,12.29,0,12.29
07/06/2013 20:00,0,12.048,0,12.048
07/06/2013 21:00,0,11.903,0,11.903
07/06/2013 22:00,0,11.7085,0,11.7085
07/06/2013 23:00,0,11.563,0,11.563
07/07/2013 0:00,0,11.4665,0,11.4665
07/07/2013 1:00,0,11.321,0,11.321
07/07/2013 2:00,0,11.224,0,11.224
07/07/2013 3:00,0,11.1755,0,11.1755
07/07/2013 4:00,0,11.1275,0,11.1275
07/07/2013 5:00,0,11.079,0,11.079
07/07/2013 6:00,0,10.9815,0,10.9815
07/07/2013 7:00,0,11.079,0,11.079
07/07/2013 8:00,0,11.3225,0,11.3225
07/07/2013 9:00,0,11.663,0,11.663
07/07/2013 10:00,0,12.436,0,12.436
07/07/2013 11:00,0,13.346,0,13.346
07/07/2013 12:00,0,13.6365,0,13.6365
07/07/2013 13:00,0,13.498,0,13.498
07/07/2013 14:00,0,13.8355,0,13.8355
07/07/2013 15:00,0,13.5935,0,13.5935
07/07/2013 16:00,0,13.499,0,13.499
07/07/2013 17:00,0,13.063,0,13.063
07/07/2013 18:00,0,12.822,0,12.822
07/07/2013 19:00,0,12.5315,0,12.5315
07/07/2013 20:00,0,12.29,0,12.29
07/07/2013 21:00,0,12.145,0,12.145
07/07/2013 22:00,0,11.952,0,11.952
07/07/2013 23:00,0,11.807,0,11.807
07/08/2013 0:00,0,11.6615,0,11.6615
07/08/2013 1:00,0,11.516,0,11.516
07/08/2013 2:00,0,11.273,0,11.273
07/08/2013 3:00,0,11.1275,0,11.1275
07/08/2013 4:00,0,10.9815,0,10.9815
07/08/2013 5:00,0,10.8835,0,10.8835
07/08/2013 6:00,0,10.8835,0,10.8835
07/08/2013 7:00,0,10.9815,0,10.9815
07/08/2013 8:00,0,11.224,0,11.224
07/08/2013 9:00,0,11.516,0,11.516
07/08/2013 10:00,0,12.193,0,12.193
07/08/2013 11:00,0,13.1035,0,13.1035
07/08/2013 12:00,0,13.3485,0,13.3485
07/08/2013 13:00,0,13.161,0,13.161
07/08/2013 14:00,0,13.305,0,13.305
07/08/2013 15:00,0,13.1585,0,13.1585
07/08/2013 16:00,0,13.161,0,13.161
07/08/2013 17:00,0,12.821,0,12.821
07/08/2013 18:00,0,12.4825,0,12.4825
07/08/2013 19:00,0,12.241,0,12.241
07/08/2013 20:00,0,11.9495,0,11.9495
07/08/2013 21:00,0,11.7565,0,11.7565
07/08/2013 22:00,0,11.563,0,11.563
07/08/2013 23:00,0,11.417,0,11.417
07/09/2013 0:00,0,11.224,0,11.224
07/09/2013 1:00,0,11.0285,0,11.0285
07/09/2013 2:00,0,10.834,0,10.834
07/09/2013 3:00,0,10.64,0,10.64
07/09/2013 4:00,0,10.4435,0,10.4435
07/09/2013 5:00,0,10.297,0,10.297
07/09/2013 6:00,0,10.2485,0,10.2485
07/09/2013 7:00,0,10.3465,0,10.3465
07/09/2013 8:00,0,10.6895,0,10.6895
07/09/2013 9:00,0,11.081,0,11.081
07/09/2013 10:00,0,11.952,0,11.952
07/09/2013 11:00,0,12.767,0,12.767
07/09/2013 12:00,0,12.5315,0,12.5315
07/09/2013 13:00,0,12.533,0,12.533
07/09/2013 14:00,0,12.7755,0,12.7755
07/09/2013 15:00,0,12.724,0,12.724
07/09/2013 16:00,0,12.724,0,12.724
07/09/2013 17:00,0,12.4825,0,12.4825
07/09/2013 18:00,0,12.289,0,12.289
07/09/2013 19:00,0,12.0945,0,12.0945
07/09/2013 20:00,0,11.9015,0,11.9015
07/09/2013 21:00,0,11.659,0,11.659
07/09/2013 22:00,0,11.4645,0,11.4645
07/09/2013 23:00,0,11.368,0,11.368
07/10/2013 0:00,0,11.2705,0,11.2705
07/10/2013 1:00,0,11.0755,0,11.0755
07/10/2013 2:00,0,10.9295,0,10.9295
07/10/2013 3:00,0,10.783,0,10.783
07/10/2013 4:00,0,10.637,0,10.637
07/10/2013 5:00,0,10.5885,0,10.5885
07/10/2013 6:00,0,10.59,0,10.59
07/10/2013 7:00,0,10.7365,0,10.7365
07/10/2013 8:00,0,11.078,0,11.078
07/10/2013 9:00,0,11.4665,0,11.4665
07/10/2013 10:00,0,11.7575,0,11.7575
07/10/2013 11:00,0,11.855,0,11.855
07/10/2013 12:00,0,12.1425,0,12.1425
07/10/2013 13:00,0,12.0955,0,12.0955
07/10/2013 14:00,0,12.193,0,12.193
07/10/2013 15:00,0,12.193,0,12.193
07/10/2013 16:00,0,12.29,0,12.29
07/10/2013 17:00,0,12.0955,0,12.0955
07/10/2013 18:00,0,11.951,0,11.951
07/10/2013 19:00,0,11.8045,0,11.8045
07/10/2013 20:00,0,11.611,0,11.611
07/10/2013 21:00,0,11.4165,0,11.4165
07/10/2013 22:00,0,11.221,0,11.221
07/10/2013 23:00,0,11.027,0,11.027
07/11/2013 0:00,0,10.831,0,10.831
07/11/2013 1:00,0,10.7345,0,10.7345
07/11/2013 2:00,0,10.6865,0,10.6865
07/11/2013 3:00,0,10.638,0,10.638
07/11/2013 4:00,0,10.5405,0,10.5405
07/11/2013 5:00,0,10.492,0,10.492
07/11/2013 6:00,0,10.5415,0,10.5415
07/11/2013 7:00,0,10.492,0,10.492
07/11/2013 8:00,0,10.688,0,10.688
07/11/2013 9:00,0,10.786,0,10.786
07/11/2013 10:00,0,11.079,0,11.079
07/11/2013 11:00,0,11.274,0,11.274
07/11/2013 12:00,0,11.515,0,11.515
07/11/2013 13:00,0,11.3725,0,11.3725
07/11/2013 14:00,0,11.517,0,11.517
07/11/2013 15:00,0,11.5185,0,11.5185
07/11/2013 16:00,0,11.713,0,11.713
07/11/2013 17:00,0,11.6135,0,11.6135
07/11/2013 18:00,0,11.369,0,11.369
07/11/2013 19:00,0,11.1745,0,11.1745
07/11/2013 20:00,0,10.9305,0,10.9305
07/11/2013 21:00,0,10.6865,0,10.6865
07/11/2013 22:00,0,10.4425,0,10.4425
07/11/2013 23:00,0,10.246,0,10.246
07/12/2013 0:00,0,10.0005,0,10.0005
07/12/2013 1:00,0,9.7555,0,9.7555
07/12/2013 2:00,0,9.559,0,9.559
07/12/2013 3:00,0,9.4615,0,9.4615
07/12/2013 4:00,0,9.265,0,9.265
07/12/2013 5:00,0,9.1675,0,9.1675
07/12/2013 6:00,0,9.1685,0,9.1685
07/12/2013 7:00,0,9.268,0,9.268
07/12/2013 8:00,0,9.6115,0,9.6115
07/12/2013 9:00,0,9.8585,0,9.8585
07/12/2013 10:00,0,10.103,0,10.103
07/12/2013 11:00,0,10.2495,0,10.2495
07/12/2013 12:00,0,10.6865,0,10.6865
07/12/2013 13:00,0,10.7375,0,10.7375
07/12/2013 14:00,0,10.787,0,10.787
07/12/2013 15:00,0,10.787,0,10.787
07/12/2013 16:00,0,10.787,0,10.787
07/12/2013 17:00,0,10.786,0,10.786
07/12/2013 18:00,0,10.688,0,10.688
07/12/2013 19:00,0,10.59,0,10.59
07/12/2013 20:00,0,10.492,0,10.492
07/12/2013 21:00,0,10.2955,0,10.2955
07/12/2013 22:00,0,10.1975,0,10.1975
07/12/2013 23:00,0,10.0505,0,10.0505
07/13/2013 0:00,0,9.952,0,9.952
07/13/2013 1:00,0,9.805,0,9.805
07/13/2013 2:00,0,9.6565,0,9.6565
07/13/2013 3:00,0,9.509,0,9.509
07/13/2013 4:00,0,9.4115,0,9.4115
07/13/2013 5:00,0,9.364,0,9.364
07/13/2013 6:00,0,9.315,0,9.315
07/13/2013 7:00,0,9.4145,0,9.4145
07/13/2013 8:00,0,9.709,0,9.709
07/13/2013 9:00,0,10.052,0,10.052
07/13/2013 10:00,0,10.15,0,10.15
07/13/2013 11:00,0,10.298,0,10.298
07/13/2013 12:00,0,11.024,0,11.024
07/13/2013 13:00,0,10.833,0,10.833
07/13/2013 14:00,0,10.8835,0,10.8835
07/13/2013 15:00,0,10.8835,0,10.8835
07/13/2013 16:00,0,10.8835,0,10.8835
07/13/2013 17:00,0,10.8825,0,10.8825
07/13/2013 18:00,0,10.834,0,10.834
07/13/2013 19:00,0,10.638,0,10.638
07/13/2013 20:00,0,10.491,0,10.491
07/13/2013 21:00,0,10.2945,0,10.2945
07/13/2013 22:00,0,10.049,0,10.049
07/13/2013 23:00,0,9.902,0,9.902
07/14/2013 0:00,0,9.805,0,9.805
07/14/2013 1:00,0,9.805,0,9.805
07/14/2013 2:00,0,9.708,0,9.708
07/14/2013 3:00,0,9.6095,0,9.6095
07/14/2013 4:00,0,9.4615,0,9.4615
07/14/2013 5:00,0,9.363,0,9.363
07/14/2013 6:00,0,9.364,0,9.364
07/14/2013 7:00,0,9.513,0,9.513
07/14/2013 8:00,0,9.808,0,9.808
07/14/2013 9:00,0,10.053,0,10.053
07/14/2013 10:00,0,10.976,0,10.976
07/14/2013 11:00,0,11.556,0,11.556
07/14/2013 12:00,0,10.932,0,10.932
07/14/2013 13:00,0,11.1275,0,11.1275
07/14/2013 14:00,0,11.321,0,11.321
07/14/2013 15:00,0,11.417,0,11.417
07/14/2013 16:00,0,11.369,0,11.369
07/14/2013 17:00,0,11.272,0,11.272
07/14/2013 18:00,0,11.1745,0,11.1745
07/14/2013 19:00,0,11.0285,0,11.0285
07/14/2013 20:00,0,10.7345,0,10.7345
07/14/2013 21:00,0,10.491,0,10.491
07/14/2013 22:00,0,10.344,0,10.344
07/14/2013 23:00,0,10.149,0,10.149
07/15/2013 0:00,0,10.002,0,10.002
07/15/2013 1:00,0,9.9535,0,9.9535
07/15/2013 2:00,0,9.8065,0,9.8065
07/15/2013 3:00,0,9.8065,0,9.8065
07/15/2013 4:00,0,9.808,0,9.808
07/15/2013 5:00,0,9.808,0,9.808
07/15/2013 6:00,0,9.808,0,9.808
07/15/2013 7:00,0,9.955,0,9.955
07/15/2013 8:00,0,10.2,0,10.2
07/15/2013 9:00,0,10.4945,0,10.4945
07/15/2013 10:00,0,10.741,0,10.741
07/15/2013 11:00,0,10.887,0,10.887
07/15/2013 12:00,0,10.9835,0,10.9835
07/15/2013 13:00,0,10.9345,0,10.9345
07/15/2013 14:00,0,11.226,0,11.226
07/15/2013 15:00,0,11.2245,0,11.2245
07/15/2013 16:00,0,11.372,0,11.372
07/15/2013 17:00,0,11.3225,0,11.3225
07/15/2013 18:00,0,11.1755,0,11.1755
07/15/2013 19:00,0,11.0295,0,11.0295
07/15/2013 20:00,0,10.8825,0,10.8825
07/15/2013 21:00,0,10.7365,0,10.7365
07/15/2013 22:00,0,10.638,0,10.638
07/15/2013 23:00,0,10.492,0,10.492
07/16/2013 0:00,0,10.297,0,10.297
07/16/2013 1:00,0,10.15,0,10.15
07/16/2013 2:00,0,9.9535,0,9.9535
07/16/2013 3:00,0,9.8065,0,9.8065
07/16/2013 4:00,0,9.659,0,9.659
07/16/2013 5:00,0,9.512,0,9.512
07/16/2013 6:00,0,9.4635,0,9.4635
07/16/2013 7:00,0,9.513,0,9.513
07/16/2013 8:00,0,9.8565,0,9.8565
07/16/2013 9:00,0,10.2,0,10.2
07/16/2013 10:00,0,10.881,0,10.881
07/16/2013 11:00,0,12.231,0,12.231
07/16/2013 12:00,0,11.951,0,11.951
07/16/2013 13:00,0,12.0505,0,12.0505
07/16/2013 14:00,0,12.5855,0,12.5855
07/16/2013 15:00,0,12.0975,0,12.0975
07/16/2013 16:00,0,11.951,0,11.951
07/16/2013 17:00,0,11.8055,0,11.8055
07/16/2013 18:00,0,11.563,0,11.563
07/16/2013 19:00,0,11.32,0,11.32
07/16/2013 20:00,0,11.0765,0,11.0765
07/16/2013 21:00,0,10.881,0,10.881
07/16/2013 22:00,0,10.637,0,10.637
07/16/2013 23:00,0,10.3925,0,10.3925
07/17/2013 0:00,0,10.1975,0,10.1975
07/17/2013 1:00,0,10.0505,0,10.0505
07/17/2013 2:00,0,9.9035,0,9.9035
07/17/2013 3:00,0,9.8065,0,9.8065
07/17/2013 4:00,0,9.758,0,9.758
07/17/2013 5:00,0,9.709,0,9.709
07/17/2013 6:00,0,9.6605,0,9.6605
07/17/2013 7:00,0,9.809,0,9.809
07/17/2013 8:00,0,10.201,0,10.201
07/17/2013 9:00,0,10.642,0,10.642
07/17/2013 10:00,0,11.273,0,11.273
07/17/2013 11:00,0,12.716,0,12.716
07/17/2013 12:00,0,12.289,0,12.289
07/17/2013 13:00,0,12.435,0,12.435
07/17/2013 14:00,0,12.873,0,12.873
07/17/2013 15:00,0,12.724,0,12.724
07/17/2013 16:00,0,12.4825,0,12.4825
07/17/2013 17:00,0,12.241,0,12.241
07/17/2013 18:00,0,12.048,0,12.048
07/17/2013 19:00,0,11.9015,0,11.9015
07/17/2013 20:00,0,11.611,0,11.611
07/17/2013 21:00,0,11.4165,0,11.4165
07/17/2013 22:00,0,11.173,0,11.173
07/17/2013 23:00,0,10.979,0,10.979
07/18/2013 0:00,0,10.7845,0,10.7845
07/18/2013 1:00,0,10.638,0,10.638
07/18/2013 2:00,0,10.492,0,10.492
07/18/2013 3:00,0,10.3455,0,10.3455
07/18/2013 4:00,0,10.297,0,10.297
07/18/2013 5:00,0,10.1985,0,10.1985
07/18/2013 6:00,0,10.15,0,10.15
07/18/2013 7:00,0,10.3465,0,10.3465
07/18/2013 8:00,0,10.6895,0,10.6895
07/18/2013 9:00,0,11.1765,0,11.1765
07/18/2013 10:00,0,11.3235,0,11.3235
07/18/2013 11:00,0,11.9015,0,11.9015
07/18/2013 12:00,0,12.0945,0,12.0945
07/18/2013 13:00,0,12.286,0,12.286
07/18/2013 14:00,0,12.8685,0,12.8685
07/18/2013 15:00,0,12.577,0,12.577
07/18/2013 16:00,0,12.4825,0,12.4825
07/18/2013 17:00,0,12.241,0,12.241
07/18/2013 18:00,0,11.999,0,11.999
07/18/2013 19:00,0,11.8045,0,11.8045
07/18/2013 20:00,0,11.659,0,11.659
07/18/2013 21:00,0,11.4645,0,11.4645
07/18/2013 22:00,0,11.2705,0,11.2705
07/18/2013 23:00,0,11.125,0,11.125
07/19/2013 0:00,0,10.979,0,10.979
07/19/2013 1:00,0,10.833,0,10.833
07/19/2013 2:00,0,10.6865,0,10.6865
07/19/2013 3:00,0,10.5885,0,10.5885
07/19/2013 4:00,0,10.4425,0,10.4425
07/19/2013 5:00,0,10.344,0,10.344
07/19/2013 6:00,0,10.3455,0,10.3455
07/19/2013 7:00,0,10.492,0,10.492
07/19/2013 8:00,0,10.7845,0,10.7845
07/19/2013 9:00,0,11.1745,0,11.1745
07/19/2013 10:00,0,11.7575,0,11.7575
07/19/2013 11:00,0,12.4755,0,12.4755
07/19/2013 12:00,0,11.9495,0,11.9495
07/19/2013 13:00,0,12.093,0,12.093
07/19/2013 14:00,0,12.0945,0,12.0945
07/19/2013 15:00,0,12.0465,0,12.0465
07/19/2013 16:00,0,12.0955,0,12.0955
07/19/2013 17:00,0,12.0955,0,12.0955
07/19/2013 18:00,0,12.0465,0,12.0465
07/19/2013 19:00,0,11.9015,0,11.9015
07/19/2013 20:00,0,11.7565,0,11.7565
07/19/2013 21:00,0,11.6095,0,11.6095
07/19/2013 22:00,0,11.4645,0,11.4645
07/19/2013 23:00,0,11.221,0,11.221
07/20/2013 0:00,0,11.173,0,11.173
07/20/2013 1:00,0,11.0755,0,11.0755
07/20/2013 2:00,0,11.0285,0,11.0285
07/20/2013 3:00,0,10.9305,0,10.9305
07/20/2013 4:00,0,10.833,0,10.833
07/20/2013 5:00,0,10.6865,0,10.6865
07/20/2013 6:00,0,10.637,0,10.637
07/20/2013 7:00,0,10.7845,0,10.7845
07/20/2013 8:00,0,11.1745,0,11.1745
07/20/2013 9:00,0,11.563,0,11.563
07/20/2013 10:00,0,12.1435,0,12.1435
07/20/2013 11:00,0,13.4385,0,13.4385
07/20/2013 12:00,0,13.0105,0,13.0105
07/20/2013 13:00,0,13.1105,0,13.1105
07/20/2013 14:00,0,13.2085,0,13.2085
07/20/2013 15:00,0,13.0165,0,13.0165
07/20/2013 16:00,0,12.871,0,12.871
07/20/2013 17:00,0,12.6775,0,12.6775
07/20/2013 18:00,0,12.533,0,12.533
07/20/2013 19:00,0,12.291,0,12.291
07/20/2013 20:00,0,12.0975,0,12.0975
07/20/2013 21:00,0,11.855,0,11.855
07/20/2013 22:00,0,11.6605,0,11.6605
07/20/2013 23:00,0,11.515,0,11.515
07/21/2013 0:00,0,11.417,0,11.417
07/21/2013 1:00,0,11.272,0,11.272
07/21/2013 2:00,0,11.126,0,11.126
07/21/2013 3:00,0,10.9305,0,10.9305
07/21/2013 4:00,0,10.7345,0,10.7345
07/21/2013 5:00,0,10.637,0,10.637
07/21/2013 6:00,0,10.5885,0,10.5885
07/21/2013 7:00,0,10.638,0,10.638
07/21/2013 8:00,0,10.98,0,10.98
07/21/2013 9:00,0,11.369,0,11.369
07/21/2013 10:00,0,11.7575,0,11.7575
07/21/2013 11:00,0,13.101,0,13.101
07/21/2013 12:00,0,12.6765,0,12.6765
07/21/2013 13:00,0,12.9665,0,12.9665
07/21/2013 14:00,0,13.5005,0,13.5005
07/21/2013 15:00,0,13.1595,0,13.1595
07/21/2013 16:00,0,12.9665,0,12.9665
07/21/2013 17:00,0,12.822,0,12.822
07/21/2013 18:00,0,12.533,0,12.533
07/21/2013 19:00,0,12.29,0,12.29
07/21/2013 20:00,0,12.048,0,12.048
07/21/2013 21:00,0,11.8055,0,11.8055
07/21/2013 22:00,0,11.563,0,11.563
07/21/2013 23:00,0,11.369,0,11.369
07/22/2013 0:00,0,11.126,0,11.126
07/22/2013 1:00,0,10.8825,0,10.8825
07/22/2013 2:00,0,10.688,0,10.688
07/22/2013 3:00,0,10.5415,0,10.5415
07/22/2013 4:00,0,10.395,0,10.395
07/22/2013 5:00,0,10.2485,0,10.2485
07/22/2013 6:00,0,10.15,0,10.15
07/22/2013 7:00,0,10.2495,0,10.2495
07/22/2013 8:00,0,10.641,0,10.641
07/22/2013 9:00,0,11.079,0,11.079
07/22/2013 10:00,0,11.5645,0,11.5645
07/22/2013 11:00,0,13.0055,0,13.0055
07/22/2013 12:00,0,12.6295,0,12.6295
07/22/2013 13:00,0,13.0165,0,13.0165
07/22/2013 14:00,0,13.6945,0,13.6945
07/22/2013 15:00,0,13.3525,0,13.3525
07/22/2013 16:00,0,13.112,0,13.112
07/22/2013 17:00,0,12.9195,0,12.9195
07/22/2013 18:00,0,12.6295,0,12.6295
07/22/2013 19:00,0,12.436,0,12.436
07/22/2013 20:00,0,12.194,0,12.194
07/22/2013 21:00,0,12,0,12
07/22/2013 22:00,0,11.7575,0,11.7575
07/22/2013 23:00,0,11.515,0,11.515
07/23/2013 0:00,0,11.369,0,11.369
07/23/2013 1:00,0,11.126,0,11.126
07/23/2013 2:00,0,10.98,0,10.98
07/23/2013 3:00,0,10.834,0,10.834
07/23/2013 4:00,0,10.688,0,10.688
07/23/2013 5:00,0,10.64,0,10.64
07/23/2013 6:00,0,10.5915,0,10.5915
07/23/2013 7:00,0,10.739,0,10.739
07/23/2013 8:00,0,11.1765,0,11.1765
07/23/2013 9:00,0,11.565,0,11.565
07/23/2013 10:00,0,12.242,0,12.242
07/23/2013 11:00,0,13.391,0,13.391
07/23/2013 12:00,0,12.773,0,12.773
07/23/2013 13:00,0,12.9175,0,12.9175
07/23/2013 14:00,0,13.255,0,13.255
07/23/2013 15:00,0,13.2075,0,13.2075
07/23/2013 16:00,0,12.9665,0,12.9665
07/23/2013 17:00,0,12.919,0,12.919
07/23/2013 18:00,0,12.7745,0,12.7745
07/23/2013 19:00,0,12.533,0,12.533
07/23/2013 20:00,0,12.339,0,12.339
07/23/2013 21:00,0,12.145,0,12.145
07/23/2013 22:00,0,11.903,0,11.903
07/23/2013 23:00,0,11.7575,0,11.7575
07/24/2013 0:00,0,11.6125,0,11.6125
07/24/2013 1:00,0,11.4665,0,11.4665
07/24/2013 2:00,0,11.3705,0,11.3705
07/24/2013 3:00,0,11.273,0,11.273
07/24/2013 4:00,0,11.1765,0,11.1765
07/24/2013 5:00,0,11.079,0,11.079
07/24/2013 6:00,0,11.079,0,11.079
07/24/2013 7:00,0,11.226,0,11.226
07/24/2013 8:00,0,11.4705,0,11.4705
07/24/2013 9:00,0,11.9555,0,11.9555
07/24/2013 10:00,0,12.438,0,12.438
07/24/2013 11:00,0,12.5855,0,12.5855
07/24/2013 12:00,0,12.6815,0,12.6815
07/24/2013 13:00,0,13.113,0,13.113
07/24/2013 14:00,0,13.2095,0,13.2095
07/24/2013 15:00,0,13.112,0,13.112
07/24/2013 16:00,0,13.112,0,13.112
07/24/2013 17:00,0,13.0165,0,13.0165
07/24/2013 18:00,0,12.872,0,12.872
07/24/2013 19:00,0,12.7275,0,12.7275
07/24/2013 20:00,0,12.534,0,12.534
07/24/2013 21:00,0,12.389,0,12.389
07/24/2013 22:00,0,12.292,0,12.292
07/24/2013 23:00,0,12.1475,0,12.1475
07/25/2013 0:00,0,11.9535,0,11.9535
07/25/2013 1:00,0,11.856,0,11.856
07/25/2013 2:00,0,11.711,0,11.711
07/25/2013 3:00,0,11.663,0,11.663
07/25/2013 4:00,0,11.6145,0,11.6145
07/25/2013 5:00,0,11.6145,0,11.6145
07/25/2013 6:00,0,11.6145,0,11.6145
07/25/2013 7:00,0,11.6635,0,11.6635
07/25/2013 8:00,0,11.712,0,11.712
07/25/2013 9:00,0,11.8095,0,11.8095
07/25/2013 10:00,0,12.1965,0,12.1965
07/25/2013 11:00,0,12.6775,0,12.6775
07/25/2013 12:00,0,12.631,0,12.631
07/25/2013 13:00,0,12.824,0,12.824
07/25/2013 14:00,0,12.97,0,12.97
07/25/2013 15:00,0,13.0175,0,13.0175
07/25/2013 16:00,0,12.874,0,12.874
07/25/2013 17:00,0,12.874,0,12.874
07/25/2013 18:00,0,12.7775,0,12.7775
07/25/2013 19:00,0,12.632,0,12.632
07/25/2013 20:00,0,12.487,0,12.487
07/25/2013 21:00,0,12.39,0,12.39
07/25/2013 22:00,0,12.2935,0,12.2935
07/25/2013 23:00,0,12.0995,0,12.0995
07/26/2013 0:00,0,12.0025,0,12.0025
07/26/2013 1:00,0,11.9545,0,11.9545
07/26/2013 2:00,0,11.808,0,11.808
07/26/2013 3:00,0,11.712,0,11.712
07/26/2013 4:00,0,11.6145,0,11.6145
07/26/2013 5:00,0,11.5665,0,11.5665
07/26/2013 6:00,0,11.5665,0,11.5665
07/26/2013 7:00,0,11.713,0,11.713
07/26/2013 8:00,0,12.0035,0,12.0035
07/26/2013 9:00,0,12.341,0,12.341
07/26/2013 10:00,0,12.2945,0,12.2945
07/26/2013 11:00,0,13.1575,0,13.1575
07/26/2013 12:00,0,13.0165,0,13.0165
07/26/2013 13:00,0,13.113,0,13.113
07/26/2013 14:00,0,13.0655,0,13.0655
07/26/2013 15:00,0,13.257,0,13.257
07/26/2013 16:00,0,13.305,0,13.305
07/26/2013 17:00,0,13.305,0,13.305
07/26/2013 18:00,0,13.2085,0,13.2085
07/26/2013 19:00,0,13.113,0,13.113
07/26/2013 20:00,0,13.0165,0,13.0165
07/26/2013 21:00,0,12.872,0,12.872
07/26/2013 22:00,0,12.7275,0,12.7275
07/26/2013 23:00,0,12.631,0,12.631
07/27/2013 0:00,0,12.486,0,12.486
07/27/2013 1:00,0,12.389,0,12.389
07/27/2013 2:00,0,12.341,0,12.341
07/27/2013 3:00,0,12.2935,0,12.2935
07/27/2013 4:00,0,12.1965,0,12.1965
07/27/2013 5:00,0,12.1485,0,12.1485
07/27/2013 6:00,0,12.1485,0,12.1485
07/27/2013 7:00,0,12.2455,0,12.2455
07/27/2013 8:00,0,12.536,0,12.536
07/27/2013 9:00,0,12.922,0,12.922
07/27/2013 10:00,0,13.452,0,13.452
07/27/2013 11:00,0,14.2175,0,14.2175
07/27/2013 12:00,0,14.2185,0,14.2185
07/27/2013 13:00,0,14.2185,0,14.2185
07/27/2013 14:00,0,14.2185,0,14.2185
07/27/2013 15:00,0,14.0745,0,14.0745
07/27/2013 16:00,0,14.0745,0,14.0745
07/27/2013 17:00,0,14.0755,0,14.0755
07/27/2013 18:00,0,13.9795,0,13.9795
07/27/2013 19:00,0,13.787,0,13.787
07/27/2013 20:00,0,13.643,0,13.643
07/27/2013 21:00,0,13.45,0,13.45
07/27/2013 22:00,0,13.257,0,13.257
07/27/2013 23:00,0,13.113,0,13.113
07/28/2013 0:00,0,12.9685,0,12.9685
07/28/2013 1:00,0,12.921,0,12.921
07/28/2013 2:00,0,12.873,0,12.873
07/28/2013 3:00,0,12.7775,0,12.7775
07/28/2013 4:00,0,12.6805,0,12.6805
07/28/2013 5:00,0,12.6325,0,12.6325
07/28/2013 6:00,0,12.5845,0,12.5845
07/28/2013 7:00,0,12.6825,0,12.6825
07/28/2013 8:00,0,12.9725,0,12.9725
07/28/2013 9:00,0,13.453,0,13.453
07/28/2013 10:00,0,14.123,0,14.123
07/28/2013 11:00,0,15.3165,0,15.3165
07/28/2013 12:00,0,15.13,0,15.13
07/28/2013 13:00,0,15.418,0,15.418
07/28/2013 14:00,0,15.0355,0,15.0355
07/28/2013 15:00,0,14.844,0,14.844
07/28/2013 16:00,0,14.8915,0,14.8915
07/28/2013 17:00,0,14.7955,0,14.7955
07/28/2013 18:00,0,14.556,0,14.556
07/28/2013 19:00,0,14.364,0,14.364
07/28/2013 20:00,0,14.22,0,14.22
07/28/2013 21:00,0,14.0755,0,14.0755
07/28/2013 22:00,0,13.9315,0,13.9315
07/28/2013 23:00,0,13.8365,0,13.8365
07/29/2013 0:00,0,13.741,0,13.741
07/29/2013 1:00,0,13.5485,0,13.5485
07/29/2013 2:00,0,13.453,0,13.453
07/29/2013 3:00,0,13.405,0,13.405
07/29/2013 4:00,0,13.309,0,13.309
07/29/2013 5:00,0,13.2125,0,13.2125
07/29/2013 6:00,0,13.116,0,13.116
07/29/2013 7:00,0,13.1635,0,13.1635
07/29/2013 8:00,0,13.452,0,13.452
07/29/2013 9:00,0,13.8365,0,13.8365
07/29/2013 10:00,0,14.363,0,14.363
07/29/2013 11:00,0,15.604,0,15.604
07/29/2013 12:00,0,15.37,0,15.37
07/29/2013 13:00,0,15.609,0,15.609
07/29/2013 14:00,0,16.185,0,16.185
07/29/2013 15:00,0,15.848,0,15.848
07/29/2013 16:00,0,15.7525,0,15.7525
07/29/2013 17:00,0,15.5605,0,15.5605
07/29/2013 18:00,0,15.226,0,15.226
07/29/2013 19:00,0,14.8425,0,14.8425
07/29/2013 20:00,0,14.506,0,14.506
07/29/2013 21:00,0,14.17,0,14.17
07/29/2013 22:00,0,13.834,0,13.834
07/29/2013 23:00,0,13.641,0,13.641
07/30/2013 0:00,0,13.498,0,13.498
07/30/2013 1:00,0,13.257,0,13.257
07/30/2013 2:00,0,13.064,0,13.064
07/30/2013 3:00,0,12.9195,0,12.9195
07/30/2013 4:00,0,12.7275,0,12.7275
07/30/2013 5:00,0,12.631,0,12.631
07/30/2013 6:00,0,12.486,0,12.486
07/30/2013 7:00,0,12.438,0,12.438
07/30/2013 8:00,0,12.583,0,12.583
07/30/2013 9:00,0,12.486,0,12.486
07/30/2013 10:00,0,12.631,0,12.631
07/30/2013 11:00,0,13.3505,0,13.3505
07/30/2013 12:00,0,13.5935,0,13.5935
07/30/2013 13:00,0,13.8345,0,13.8345
07/30/2013 14:00,0,13.9325,0,13.9325
07/30/2013 15:00,0,13.883,0,13.883
07/30/2013 16:00,0,13.643,0,13.643
07/30/2013 17:00,0,13.45,0,13.45
07/30/2013 18:00,0,13.2095,0,13.2095
07/30/2013 19:00,0,13.0165,0,13.0165
07/30/2013 20:00,0,12.7755,0,12.7755
07/30/2013 21:00,0,12.534,0,12.534
07/30/2013 22:00,0,12.292,0,12.292
07/30/2013 23:00,0,12.0995,0,12.0995
07/31/2013 0:00,0,11.9065,0,11.9065
07/31/2013 1:00,0,11.713,0,11.713
07/31/2013 2:00,0,11.5195,0,11.5195
07/31/2013 3:00,0,11.422,0,11.422
07/31/2013 4:00,0,11.423,0,11.423
07/31/2013 5:00,0,11.5205,0,11.5205
07/31/2013 6:00,0,11.569,0,11.569
07/31/2013 7:00,0,11.666,0,11.666
07/31/2013 8:00,0,12.0035,0,12.0035
07/31/2013 9:00,0,12.1005,0,12.1005
07/31/2013 10:00,0,12.438,0,12.438
07/31/2013 11:00,0,12.489,0,12.489
07/31/2013 12:00,0,12.6335,0,12.6335
07/31/2013 13:00,0,12.7305,0,12.7305
07/31/2013 14:00,0,12.8265,0,12.8265
07/31/2013 15:00,0,12.922,0,12.922
07/31/2013 16:00,0,12.874,0,12.874
07/31/2013 17:00,0,12.922,0,12.922
07/31/2013 18:00,0,12.7775,0,12.7775
07/31/2013 19:00,0,12.6805,0,12.6805
07/31/2013 20:00,0,12.535,0,12.535
07/31/2013 21:00,0,12.39,0,12.39
07/31/2013 22:00,0,12.1975,0,12.1975
07/31/2013 23:00,0,12.0525,0,12.0525
08/01/2013 0:00,0,11.9075,0,11.9075
08/01/2013 1:00,0,11.762,0,11.762
08/01/2013 2:00,0,11.5675,0,11.5675
08/01/2013 3:00,0,11.422,0,11.422
08/01/2013 4:00,0,11.3245,0,11.3245
08/01/2013 5:00,0,11.227,0,11.227
08/01/2013 6:00,0,11.1295,0,11.1295
08/01/2013 7:00,0,11.227,0,11.227
08/01/2013 8:00,0,11.8575,0,11.8575
08/01/2013 9:00,0,12.292,0,12.292
08/01/2013 10:00,0,12.2955,0,12.2955
08/01/2013 11:00,0,13.8745,0,13.8745
08/01/2013 12:00,0,13.3545,0,13.3545
08/01/2013 13:00,0,13.7385,0,13.7385
08/01/2013 14:00,0,13.644,0,13.644
08/01/2013 15:00,0,13.6915,0,13.6915
08/01/2013 16:00,0,13.691,0,13.691
08/01/2013 17:00,0,13.547,0,13.547
08/01/2013 18:00,0,13.3545,0,13.3545
08/01/2013 19:00,0,13.1615,0,13.1615
08/01/2013 20:00,0,12.9685,0,12.9685
08/01/2013 21:00,0,12.7275,0,12.7275
08/01/2013 22:00,0,12.534,0,12.534
08/01/2013 23:00,0,12.34,0,12.34
08/02/2013 0:00,0,12.1955,0,12.1955
08/02/2013 1:00,0,12.0995,0,12.0995
08/02/2013 2:00,0,12.0525,0,12.0525
08/02/2013 3:00,0,11.9565,0,11.9565
08/02/2013 4:00,0,11.811,0,11.811
08/02/2013 5:00,0,11.763,0,11.763
08/02/2013 6:00,0,11.812,0,11.812
08/02/2013 7:00,0,11.861,0,11.861
08/02/2013 8:00,0,12.3445,0,12.3445
08/02/2013 9:00,0,12.7785,0,12.7785
08/02/2013 10:00,0,13.2115,0,13.2115
08/02/2013 11:00,0,14.6925,0,14.6925
08/02/2013 12:00,0,14.4115,0,14.4115
08/02/2013 13:00,0,14.7,0,14.7
08/02/2013 14:00,0,15.181,0,15.181
08/02/2013 15:00,0,14.987,0,14.987
08/02/2013 16:00,0,14.843,0,14.843
08/02/2013 17:00,0,14.6515,0,14.6515
08/02/2013 18:00,0,14.364,0,14.364
08/02/2013 19:00,0,14.1715,0,14.1715
08/02/2013 20:00,0,13.9315,0,13.9315
08/02/2013 21:00,0,13.691,0,13.691
08/02/2013 22:00,0,13.45,0,13.45
08/02/2013 23:00,0,13.3545,0,13.3545
08/03/2013 0:00,0,13.2105,0,13.2105
08/03/2013 1:00,0,13.115,0,13.115
08/03/2013 2:00,0,12.9705,0,12.9705
08/03/2013 3:00,0,12.8265,0,12.8265
08/03/2013 4:00,0,12.7295,0,12.7295
08/03/2013 5:00,0,12.6815,0,12.6815
08/03/2013 6:00,0,12.6335,0,12.6335
08/03/2013 7:00,0,12.6825,0,12.6825
08/03/2013 8:00,0,13.116,0,13.116
08/03/2013 9:00,0,13.5485,0,13.5485
08/03/2013 10:00,0,13.885,0,13.885
08/03/2013 11:00,0,15.3165,0,15.3165
08/03/2013 12:00,0,14.795,0,14.795
08/03/2013 13:00,0,15.0345,0,15.0345
08/03/2013 14:00,0,15.1295,0,15.1295
08/03/2013 15:00,0,15.1285,0,15.1285
08/03/2013 16:00,0,14.986,0,14.986
08/03/2013 17:00,0,14.795,0,14.795
08/03/2013 18:00,0,14.5075,0,14.5075
08/03/2013 19:00,0,14.3155,0,14.3155
08/03/2013 20:00,0,14.0755,0,14.0755
08/03/2013 21:00,0,13.8345,0,13.8345
08/03/2013 22:00,0,13.643,0,13.643
08/03/2013 23:00,0,13.4025,0,13.4025
08/04/2013 0:00,0,13.2105,0,13.2105
08/04/2013 1:00,0,13.066,0,13.066
08/04/2013 2:00,0,12.97,0,12.97
08/04/2013 3:00,0,12.874,0,12.874
08/04/2013 4:00,0,12.7775,0,12.7775
08/04/2013 5:00,0,12.6805,0,12.6805
08/04/2013 6:00,0,12.6805,0,12.6805
08/04/2013 7:00,0,12.9225,0,12.9225
08/04/2013 8:00,0,13.259,0,13.259
08/04/2013 9:00,0,13.6915,0,13.6915
08/04/2013 10:00,0,14.0755,0,14.0755
08/04/2013 11:00,0,15.269,0,15.269
08/04/2013 12:00,0,15.0335,0,15.0335
08/04/2013 13:00,0,15.32,0,15.32
08/04/2013 14:00,0,15.8975,0,15.8975
08/04/2013 15:00,0,15.608,0,15.608
08/04/2013 16:00,0,15.607,0,15.607
08/04/2013 17:00,0,15.2245,0,15.2245
08/04/2013 18:00,0,14.8415,0,14.8415
08/04/2013 19:00,0,14.698,0,14.698
08/04/2013 20:00,0,13.532,0,13.532
08/04/2013 21:00,0,13.3095,0,13.3095
08/04/2013 22:00,0,13.0225,0,13.0225
08/04/2013 23:00,0,12.974,0,12.974
08/05/2013 0:00,0,12.828,0,12.828
08/05/2013 1:00,0,12.6825,0,12.6825
08/05/2013 2:00,0,12.5845,0,12.5845
08/05/2013 3:00,0,12.4405,0,12.4405
08/05/2013 4:00,0,12.3435,0,12.3435
08/05/2013 5:00,0,12.2465,0,12.2465
08/05/2013 6:00,0,12.1505,0,12.1505
08/05/2013 7:00,0,12.1995,0,12.1995
08/05/2013 8:00,0,12.441,0,12.441
08/05/2013 9:00,0,12.779,0,12.779
08/05/2013 10:00,0,13.7125,0,13.7125
08/05/2013 11:00,0,15.5655,0,15.5655
08/05/2013 12:00,0,14.221,0,14.221
08/05/2013 13:00,0,14.605,0,14.605
08/05/2013 14:00,0,15.1815,0,15.1815
08/05/2013 15:00,0,15.036,0,15.036
08/05/2013 16:00,0,14.892,0,14.892
08/05/2013 17:00,0,14.701,0,14.701
08/05/2013 18:00,0,14.4135,0,14.4135
08/05/2013 19:00,0,14.2685,0,14.2685
08/05/2013 20:00,0,14.028,0,14.028
08/05/2013 21:00,0,13.8355,0,13.8355
08/05/2013 22:00,0,13.643,0,13.643
08/05/2013 23:00,0,13.499,0,13.499
08/06/2013 0:00,0,13.452,0,13.452
08/06/2013 1:00,0,13.405,0,13.405
08/06/2013 2:00,0,13.309,0,13.309
08/06/2013 3:00,0,13.261,0,13.261
08/06/2013 4:00,0,13.165,0,13.165
08/06/2013 5:00,0,13.069,0,13.069
08/06/2013 6:00,0,13.069,0,13.069
08/06/2013 7:00,0,13.1175,0,13.1175
08/06/2013 8:00,0,13.4065,0,13.4065
08/06/2013 9:00,0,13.79,0,13.79
08/06/2013 10:00,0,14.174,0,14.174
08/06/2013 11:00,0,15.605,0,15.605
08/06/2013 12:00,0,15.275,0,15.275
08/06/2013 13:00,0,15.61,0,15.61
08/06/2013 14:00,0,15.946,0,15.946
08/06/2013 15:00,0,15.8005,0,15.8005
08/06/2013 16:00,0,15.657,0,15.657
08/06/2013 17:00,0,15.418,0,15.418
08/06/2013 18:00,0,15.083,0,15.083
08/06/2013 19:00,0,14.843,0,14.843
08/06/2013 20:00,0,14.6035,0,14.6035
08/06/2013 21:00,0,14.363,0,14.363
08/06/2013 22:00,0,14.1715,0,14.1715
08/06/2013 23:00,0,13.9795,0,13.9795
08/07/2013 0:00,0,13.884,0,13.884
08/07/2013 1:00,0,13.74,0,13.74
08/07/2013 2:00,0,13.644,0,13.644
08/07/2013 3:00,0,13.5,0,13.5
08/07/2013 4:00,0,13.4035,0,13.4035
08/07/2013 5:00,0,13.2105,0,13.2105
08/07/2013 6:00,0,13.114,0,13.114
08/07/2013 7:00,0,13.163,0,13.163
08/07/2013 8:00,0,13.4515,0,13.4515
08/07/2013 9:00,0,13.884,0,13.884
08/07/2013 10:00,0,14.1715,0,14.1715
08/07/2013 11:00,0,15.888,0,15.888
08/07/2013 12:00,0,15.13,0,15.13
08/07/2013 13:00,0,15.4655,0,15.4655
08/07/2013 14:00,0,15.849,0,15.849
08/07/2013 15:00,0,15.8005,0,15.8005
08/07/2013 16:00,0,15.7045,0,15.7045
08/07/2013 17:00,0,15.5615,0,15.5615
08/07/2013 18:00,0,15.275,0,15.275
08/07/2013 19:00,0,15.0345,0,15.0345
08/07/2013 20:00,0,14.7955,0,14.7955
08/07/2013 21:00,0,14.6035,0,14.6035
08/07/2013 22:00,0,14.4115,0,14.4115
08/07/2013 23:00,0,14.1715,0,14.1715
08/08/2013 0:00,0,14.028,0,14.028
08/08/2013 1:00,0,13.884,0,13.884
08/08/2013 2:00,0,13.74,0,13.74
08/08/2013 3:00,0,13.5475,0,13.5475
08/08/2013 4:00,0,13.4035,0,13.4035
08/08/2013 5:00,0,13.259,0,13.259
08/08/2013 6:00,0,13.2585,0,13.2585
08/08/2013 7:00,0,13.356,0,13.356
08/08/2013 8:00,0,13.6445,0,13.6445
08/08/2013 9:00,0,14.028,0,14.028
08/08/2013 10:00,0,14.1725,0,14.1725
08/08/2013 11:00,0,15.0795,0,15.0795
08/08/2013 12:00,0,15.177,0,15.177
08/08/2013 13:00,0,15.513,0,15.513
08/08/2013 14:00,0,15.8005,0,15.8005
08/08/2013 15:00,0,15.8475,0,15.8475
08/08/2013 16:00,0,15.7525,0,15.7525
08/08/2013 17:00,0,15.5605,0,15.5605
08/08/2013 18:00,0,15.274,0,15.274
08/08/2013 19:00,0,15.0345,0,15.0345
08/08/2013 20:00,0,14.795,0,14.795
08/08/2013 21:00,0,14.603,0,14.603
08/08/2013 22:00,0,14.363,0,14.363
08/08/2013 23:00,0,14.2195,0,14.2195
08/09/2013 0:00,0,14.028,0,14.028
08/09/2013 1:00,0,13.884,0,13.884
08/09/2013 2:00,0,13.6915,0,13.6915
08/09/2013 3:00,0,13.547,0,13.547
08/09/2013 4:00,0,13.4025,0,13.4025
08/09/2013 5:00,0,13.306,0,13.306
08/09/2013 6:00,0,13.3545,0,13.3545
08/09/2013 7:00,0,13.499,0,13.499
08/09/2013 8:00,0,13.7395,0,13.7395
08/09/2013 9:00,0,14.2195,0,14.2195
08/09/2013 10:00,0,14.6035,0,14.6035
08/09/2013 11:00,0,15.5575,0,15.5575
08/09/2013 12:00,0,15.5125,0,15.5125
08/09/2013 13:00,0,15.7525,0,15.7525
08/09/2013 14:00,0,15.609,0,15.609
08/09/2013 15:00,0,15.7525,0,15.7525
08/09/2013 16:00,0,15.5605,0,15.5605
08/09/2013 17:00,0,15.13,0,15.13
08/09/2013 18:00,0,14.795,0,14.795
08/09/2013 19:00,0,14.603,0,14.603
08/09/2013 20:00,0,14.4125,0,14.4125
08/09/2013 21:00,0,13.931,0,13.931
08/09/2013 22:00,0,13.643,0,13.643
08/09/2013 23:00,0,13.5955,0,13.5955
08/10/2013 0:00,0,13.4025,0,13.4025
08/10/2013 1:00,0,13.1615,0,13.1615
08/10/2013 2:00,0,12.97,0,12.97
08/10/2013 3:00,0,12.825,0,12.825
08/10/2013 4:00,0,12.6805,0,12.6805
08/10/2013 5:00,0,12.584,0,12.584
08/10/2013 6:00,0,12.536,0,12.536
08/10/2013 7:00,0,12.536,0,12.536
08/10/2013 8:00,0,12.6805,0,12.6805
08/10/2013 9:00,0,12.825,0,12.825
08/10/2013 10:00,0,12.97,0,12.97
08/10/2013 11:00,0,14.164,0,14.164
08/10/2013 12:00,0,13.356,0,13.356
08/10/2013 13:00,0,13.4045,0,13.4045
08/10/2013 14:00,0,13.5005,0,13.5005
08/10/2013 15:00,0,13.452,0,13.452
08/10/2013 16:00,0,13.3545,0,13.3545
08/10/2013 17:00,0,13.2095,0,13.2095
08/10/2013 18:00,0,12.97,0,12.97
08/10/2013 19:00,0,12.776,0,12.776
08/10/2013 20:00,0,12.583,0,12.583
08/10/2013 21:00,0,12.341,0,12.341
08/10/2013 22:00,0,12.1485,0,12.1485
08/10/2013 23:00,0,12.0045,0,12.0045
08/11/2013 0:00,0,11.811,0,11.811
08/11/2013 1:00,0,11.666,0,11.666
08/11/2013 2:00,0,11.5695,0,11.5695
08/11/2013 3:00,0,11.5215,0,11.5215
08/11/2013 4:00,0,11.376,0,11.376
08/11/2013 5:00,0,11.3275,0,11.3275
08/11/2013 6:00,0,11.2795,0,11.2795
08/11/2013 7:00,0,11.3285,0,11.3285
08/11/2013 8:00,0,11.6675,0,11.6675
08/11/2013 9:00,0,12.1975,0,12.1975
08/11/2013 10:00,0,12.4405,0,12.4405
08/11/2013 11:00,0,12.393,0,12.393
08/11/2013 12:00,0,12.5365,0,12.5365
08/11/2013 13:00,0,12.825,0,12.825
08/11/2013 14:00,0,12.776,0,12.776
08/11/2013 15:00,0,12.776,0,12.776
08/11/2013 16:00,0,12.824,0,12.824
08/11/2013 17:00,0,12.7285,0,12.7285
08/11/2013 18:00,0,12.632,0,12.632
08/11/2013 19:00,0,12.535,0,12.535
08/11/2013 20:00,0,12.438,0,12.438
08/11/2013 21:00,0,12.2935,0,12.2935
08/11/2013 22:00,0,12.1965,0,12.1965
08/11/2013 23:00,0,12.1485,0,12.1485
08/12/2013 0:00,0,12.1485,0,12.1485
08/12/2013 1:00,0,12.0995,0,12.0995
08/12/2013 2:00,0,12.0515,0,12.0515
08/12/2013 3:00,0,12.0035,0,12.0035
08/12/2013 4:00,0,11.9545,0,11.9545
08/12/2013 5:00,0,11.8575,0,11.8575
08/12/2013 6:00,0,11.8575,0,11.8575
08/12/2013 7:00,0,11.8575,0,11.8575
08/12/2013 8:00,0,12.0985,0,12.0985
08/12/2013 9:00,0,12.2445,0,12.2445
08/12/2013 10:00,0,12.6295,0,12.6295
08/12/2013 11:00,0,14.016,0,14.016
08/12/2013 12:00,0,13.497,0,13.497
08/12/2013 13:00,0,13.7385,0,13.7385
08/12/2013 14:00,0,13.8825,0,13.8825
08/12/2013 15:00,0,13.9795,0,13.9795
08/12/2013 16:00,0,13.9795,0,13.9795
08/12/2013 17:00,0,13.7395,0,13.7395
08/12/2013 18:00,0,13.499,0,13.499
08/12/2013 19:00,0,13.2095,0,13.2095
08/12/2013 20:00,0,12.9685,0,12.9685
08/12/2013 21:00,0,12.7755,0,12.7755
08/12/2013 22:00,0,12.583,0,12.583
08/12/2013 23:00,0,12.486,0,12.486
08/13/2013 0:00,0,12.438,0,12.438
08/13/2013 1:00,0,12.2935,0,12.2935
08/13/2013 2:00,0,12.1965,0,12.1965
08/13/2013 3:00,0,12.0515,0,12.0515
08/13/2013 4:00,0,11.9545,0,11.9545
08/13/2013 5:00,0,11.9555,0,11.9555
08/13/2013 6:00,0,11.9555,0,11.9555
08/13/2013 7:00,0,12.0035,0,12.0035
08/13/2013 8:00,0,12.1005,0,12.1005
08/13/2013 9:00,0,12.389,0,12.389
08/13/2013 10:00,0,12.7265,0,12.7265
08/13/2013 11:00,0,12.7285,0,12.7285
08/13/2013 12:00,0,13.064,0,13.064
08/13/2013 13:00,0,12.873,0,12.873
08/13/2013 14:00,0,12.776,0,12.776
08/13/2013 15:00,0,12.68,0,12.68
08/13/2013 16:00,0,12.632,0,12.632
08/13/2013 17:00,0,12.486,0,12.486
08/13/2013 18:00,0,12.341,0,12.341
08/13/2013 19:00,0,12.2445,0,12.2445
08/13/2013 20:00,0,12.0995,0,12.0995
08/13/2013 21:00,0,12.0025,0,12.0025
08/13/2013 22:00,0,11.9055,0,11.9055
08/13/2013 23:00,0,11.76,0,11.76
08/14/2013 0:00,0,11.565,0,11.565
08/14/2013 1:00,0,11.468,0,11.468
08/14/2013 2:00,0,11.372,0,11.372
08/14/2013 3:00,0,11.274,0,11.274
08/14/2013 4:00,0,11.226,0,11.226
08/14/2013 5:00,0,11.226,0,11.226
08/14/2013 6:00,0,11.128,0,11.128
08/14/2013 7:00,0,11.128,0,11.128
08/14/2013 8:00,0,11.226,0,11.226
08/14/2013 9:00,0,11.372,0,11.372
08/14/2013 10:00,0,11.517,0,11.517
08/14/2013 11:00,0,11.517,0,11.517
08/14/2013 12:00,0,11.565,0,11.565
08/14/2013 13:00,0,11.6135,0,11.6135
08/14/2013 14:00,0,11.6615,0,11.6615
08/14/2013 15:00,0,11.711,0,11.711
08/14/2013 16:00,0,11.6135,0,11.6135
08/14/2013 17:00,0,11.565,0,11.565
08/14/2013 18:00,0,11.517,0,11.517
08/14/2013 19:00,0,11.469,0,11.469
08/14/2013 20:00,0,11.372,0,11.372
08/14/2013 21:00,0,11.274,0,11.274
08/14/2013 22:00,0,11.1765,0,11.1765
08/14/2013 23:00,0,11.079,0,11.079
08/15/2013 0:00,0,10.933,0,10.933
08/15/2013 1:00,0,10.8355,0,10.8355
08/15/2013 2:00,0,10.7375,0,10.7375
08/15/2013 3:00,0,10.5915,0,10.5915
08/15/2013 4:00,0,10.493,0,10.493
08/15/2013 5:00,0,10.395,0,10.395
08/15/2013 6:00,0,10.2485,0,10.2485
08/15/2013 7:00,0,10.2,0,10.2
08/15/2013 8:00,0,10.396,0,10.396
08/15/2013 9:00,0,10.688,0,10.688
08/15/2013 10:00,0,10.932,0,10.932
08/15/2013 11:00,0,11.08,0,11.08
08/15/2013 12:00,0,11.4665,0,11.4665
08/15/2013 13:00,0,11.6605,0,11.6605
08/15/2013 14:00,0,11.7095,0,11.7095
08/15/2013 15:00,0,11.7095,0,11.7095
08/15/2013 16:00,0,11.565,0,11.565
08/15/2013 17:00,0,11.565,0,11.565
08/15/2013 18:00,0,11.42,0,11.42
08/15/2013 19:00,0,11.372,0,11.372
08/15/2013 20:00,0,11.1765,0,11.1765
08/15/2013 21:00,0,10.9815,0,10.9815
08/15/2013 22:00,0,10.7375,0,10.7375
08/15/2013 23:00,0,10.493,0,10.493
08/16/2013 0:00,0,10.297,0,10.297
08/16/2013 1:00,0,10.052,0,10.052
08/16/2013 2:00,0,9.905,0,9.905
08/16/2013 3:00,0,9.758,0,9.758
08/16/2013 4:00,0,9.659,0,9.659
08/16/2013 5:00,0,9.5615,0,9.5615
08/16/2013 6:00,0,9.513,0,9.513
08/16/2013 7:00,0,9.613,0,9.613
08/16/2013 8:00,0,10.0565,0,10.0565
08/16/2013 9:00,0,10.3975,0,10.3975
08/16/2013 10:00,0,10.838,0,10.838
08/16/2013 11:00,0,11.3705,0,11.3705
08/16/2013 12:00,0,11.712,0,11.712
08/16/2013 13:00,0,12.1505,0,12.1505
08/16/2013 14:00,0,12.2945,0,12.2945
08/16/2013 15:00,0,12.39,0,12.39
08/16/2013 16:00,0,12.2935,0,12.2935
08/16/2013 17:00,0,12.1485,0,12.1485
08/16/2013 18:00,0,11.8585,0,11.8585
08/16/2013 19:00,0,11.712,0,11.712
08/16/2013 20:00,0,11.468,0,11.468
08/16/2013 21:00,0,11.2245,0,11.2245
08/16/2013 22:00,0,11.031,0,11.031
08/16/2013 23:00,0,10.8355,0,10.8355
08/17/2013 0:00,0,10.6895,0,10.6895
08/17/2013 1:00,0,10.5925,0,10.5925
08/17/2013 2:00,0,10.4955,0,10.4955
08/17/2013 3:00,0,10.447,0,10.447
08/17/2013 4:00,0,10.35,0,10.35
08/17/2013 5:00,0,10.3015,0,10.3015
08/17/2013 6:00,0,10.253,0,10.253
08/17/2013 7:00,0,10.3025,0,10.3025
08/17/2013 8:00,0,10.694,0,10.694
08/17/2013 9:00,0,11.034,0,11.034
08/17/2013 10:00,0,11.5195,0,11.5195
08/17/2013 11:00,0,12.1475,0,12.1475
08/17/2013 12:00,0,12.536,0,12.536
08/17/2013 13:00,0,12.7775,0,12.7775
08/17/2013 14:00,0,12.97,0,12.97
08/17/2013 15:00,0,13.114,0,13.114
08/17/2013 16:00,0,13.0655,0,13.0655
08/17/2013 17:00,0,12.873,0,12.873
08/17/2013 18:00,0,12.6805,0,12.6805
08/17/2013 19:00,0,12.487,0,12.487
08/17/2013 20:00,0,12.2935,0,12.2935
08/17/2013 21:00,0,12.0995,0,12.0995
08/17/2013 22:00,0,11.9545,0,11.9545
08/17/2013 23:00,0,11.8095,0,11.8095
08/18/2013 0:00,0,11.6635,0,11.6635
08/18/2013 1:00,0,11.5675,0,11.5675
08/18/2013 2:00,0,11.5195,0,11.5195
08/18/2013 3:00,0,11.423,0,11.423
08/18/2013 4:00,0,11.3255,0,11.3255
08/18/2013 5:00,0,11.2775,0,11.2775
08/18/2013 6:00,0,11.229,0,11.229
08/18/2013 7:00,0,11.278,0,11.278
08/18/2013 8:00,0,11.6185,0,11.6185
08/18/2013 9:00,0,11.9085,0,11.9085
08/18/2013 10:00,0,12.2955,0,12.2955
08/18/2013 11:00,0,12.873,0,12.873
08/18/2013 12:00,0,13.2605,0,13.2605
08/18/2013 13:00,0,13.6455,0,13.6455
08/18/2013 14:00,0,13.8855,0,13.8855
08/18/2013 15:00,0,14.0295,0,14.0295
08/18/2013 16:00,0,13.788,0,13.788
08/18/2013 17:00,0,13.596,0,13.596
08/18/2013 18:00,0,13.356,0,13.356
08/18/2013 19:00,0,13.114,0,13.114
08/18/2013 20:00,0,12.873,0,12.873
08/18/2013 21:00,0,12.68,0,12.68
08/18/2013 22:00,0,12.438,0,12.438
08/18/2013 23:00,0,12.2935,0,12.2935
08/19/2013 0:00,0,12.1485,0,12.1485
08/19/2013 1:00,0,12.0515,0,12.0515
08/19/2013 2:00,0,11.9555,0,11.9555
08/19/2013 3:00,0,11.8585,0,11.8585
08/19/2013 4:00,0,11.8105,0,11.8105
08/19/2013 5:00,0,11.713,0,11.713
08/19/2013 6:00,0,11.665,0,11.665
08/19/2013 7:00,0,11.714,0,11.714
08/19/2013 8:00,0,12.0535,0,12.0535
08/19/2013 9:00,0,12.3425,0,12.3425
08/19/2013 10:00,0,12.7785,0,12.7785
08/19/2013 11:00,0,13.116,0,13.116
08/19/2013 12:00,0,13.5485,0,13.5485
08/19/2013 13:00,0,13.9335,0,13.9335
08/19/2013 14:00,0,14.1725,0,14.1725
08/19/2013 15:00,0,14.1715,0,14.1715
08/19/2013 16:00,0,14.0755,0,14.0755
08/19/2013 17:00,0,13.8355,0,13.8355
08/19/2013 18:00,0,13.5955,0,13.5955
08/19/2013 19:00,0,13.4025,0,13.4025
08/19/2013 20:00,0,13.2095,0,13.2095
08/19/2013 21:00,0,13.113,0,13.113
08/19/2013 22:00,0,12.9685,0,12.9685
08/19/2013 23:00,0,12.824,0,12.824
08/20/2013 0:00,0,12.631,0,12.631
08/20/2013 1:00,0,12.389,0,12.389
08/20/2013 2:00,0,12.292,0,12.292
08/20/2013 3:00,0,12.1475,0,12.1475
08/20/2013 4:00,0,12.0025,0,12.0025
08/20/2013 5:00,0,11.8575,0,11.8575
08/20/2013 6:00,0,11.76,0,11.76
08/20/2013 7:00,0,11.76,0,11.76
08/20/2013 8:00,0,11.808,0,11.808
08/20/2013 9:00,0,11.711,0,11.711
08/20/2013 10:00,0,11.6135,0,11.6135
08/20/2013 11:00,0,11.807,0,11.807
08/20/2013 12:00,0,11.9535,0,11.9535
08/20/2013 13:00,0,11.9535,0,11.9535
08/20/2013 14:00,0,12.0015,0,12.0015
08/20/2013 15:00,0,12.0015,0,12.0015
08/20/2013 16:00,0,11.904,0,11.904
08/20/2013 17:00,0,11.807,0,11.807
08/20/2013 18:00,0,11.6615,0,11.6615
08/20/2013 19:00,0,11.5645,0,11.5645
08/20/2013 20:00,0,11.4185,0,11.4185
08/20/2013 21:00,0,11.321,0,11.321
08/20/2013 22:00,0,11.273,0,11.273
08/20/2013 23:00,0,11.1755,0,11.1755
08/21/2013 0:00,0,11.078,0,11.078
08/21/2013 1:00,0,11.0295,0,11.0295
08/21/2013 2:00,0,10.932,0,10.932
08/21/2013 3:00,0,10.834,0,10.834
08/21/2013 4:00,0,10.786,0,10.786
08/21/2013 5:00,0,10.688,0,10.688
08/21/2013 6:00,0,10.64,0,10.64
08/21/2013 7:00,0,10.688,0,10.688
08/21/2013 8:00,0,10.834,0,10.834
08/21/2013 9:00,0,11.126,0,11.126
08/21/2013 10:00,0,11.417,0,11.417
08/21/2013 11:00,0,11.9005,0,11.9005
08/21/2013 12:00,0,12,0,12
08/21/2013 13:00,0,12.341,0,12.341
08/21/2013 14:00,0,12.486,0,12.486
08/21/2013 15:00,0,12.437,0,12.437
08/21/2013 16:00,0,12.291,0,12.291
08/21/2013 17:00,0,12.0985,0,12.0985
08/21/2013 18:00,0,11.904,0,11.904
08/21/2013 19:00,0,11.759,0,11.759
08/21/2013 20:00,0,11.5645,0,11.5645
08/21/2013 21:00,0,11.3705,0,11.3705
08/21/2013 22:00,0,11.2245,0,11.2245
08/21/2013 23:00,0,11.031,0,11.031
08/22/2013 0:00,0,10.885,0,10.885
08/22/2013 1:00,0,10.6895,0,10.6895
08/22/2013 2:00,0,10.543,0,10.543
08/22/2013 3:00,0,10.3465,0,10.3465
08/22/2013 4:00,0,10.2,0,10.2
08/22/2013 5:00,0,10.1015,0,10.1015
08/22/2013 6:00,0,10.0045,0,10.0045
08/22/2013 7:00,0,10.0545,0,10.0545
08/22/2013 8:00,0,10.3975,0,10.3975
08/22/2013 9:00,0,10.739,0,10.739
08/22/2013 10:00,0,11.128,0,11.128
08/22/2013 11:00,0,11.5185,0,11.5185
08/22/2013 12:00,0,11.9065,0,11.9065
08/22/2013 13:00,0,12.0515,0,12.0515
08/22/2013 14:00,0,12.1965,0,12.1965
08/22/2013 15:00,0,12.1955,0,12.1955
08/22/2013 16:00,0,12.1475,0,12.1475
08/22/2013 17:00,0,12.0515,0,12.0515
08/22/2013 18:00,0,11.8575,0,11.8575
08/22/2013 19:00,0,11.76,0,11.76
08/22/2013 20:00,0,11.468,0,11.468
08/22/2013 21:00,0,11.2245,0,11.2245
08/22/2013 22:00,0,11.0295,0,11.0295
08/22/2013 23:00,0,10.8355,0,10.8355
08/23/2013 0:00,0,10.6895,0,10.6895
08/23/2013 1:00,0,10.543,0,10.543
08/23/2013 2:00,0,10.396,0,10.396
08/23/2013 3:00,0,10.2495,0,10.2495
08/23/2013 4:00,0,10.201,0,10.201
08/23/2013 5:00,0,10.1525,0,10.1525
08/23/2013 6:00,0,10.104,0,10.104
08/23/2013 7:00,0,10.1535,0,10.1535
08/23/2013 8:00,0,10.3985,0,10.3985
08/23/2013 9:00,0,10.838,0,10.838
08/23/2013 10:00,0,11.227,0,11.227
08/23/2013 11:00,0,11.76,0,11.76
08/23/2013 12:00,0,12.0035,0,12.0035
08/23/2013 13:00,0,12.2945,0,12.2945
08/23/2013 14:00,0,12.488,0,12.488
08/23/2013 15:00,0,12.584,0,12.584
08/23/2013 16:00,0,12.535,0,12.535
08/23/2013 17:00,0,12.438,0,12.438
08/23/2013 18:00,0,12.2935,0,12.2935
08/23/2013 19:00,0,12.1485,0,12.1485
08/23/2013 20:00,0,12.0035,0,12.0035
08/23/2013 21:00,0,11.8575,0,11.8575
08/23/2013 22:00,0,11.76,0,11.76
08/23/2013 23:00,0,11.663,0,11.663
08/24/2013 0:00,0,11.663,0,11.663
08/24/2013 1:00,0,11.6145,0,11.6145
08/24/2013 2:00,0,11.517,0,11.517
08/24/2013 3:00,0,11.469,0,11.469
08/24/2013 4:00,0,11.372,0,11.372
08/24/2013 5:00,0,11.372,0,11.372
08/24/2013 6:00,0,11.372,0,11.372
08/24/2013 7:00,0,11.372,0,11.372
08/24/2013 8:00,0,11.372,0,11.372
08/24/2013 9:00,0,11.42,0,11.42
08/24/2013 10:00,0,11.517,0,11.517
08/24/2013 11:00,0,11.6635,0,11.6635
08/24/2013 12:00,0,11.663,0,11.663
08/24/2013 13:00,0,11.8095,0,11.8095
08/24/2013 14:00,0,11.8575,0,11.8575
08/24/2013 15:00,0,11.8095,0,11.8095
08/24/2013 16:00,0,11.8095,0,11.8095
08/24/2013 17:00,0,11.712,0,11.712
08/24/2013 18:00,0,11.6635,0,11.6635
08/24/2013 19:00,0,11.5665,0,11.5665
08/24/2013 20:00,0,11.421,0,11.421
08/24/2013 21:00,0,11.274,0,11.274
08/24/2013 22:00,0,11.128,0,11.128
08/24/2013 23:00,0,10.9345,0,10.9345
08/25/2013 0:00,0,10.7885,0,10.7885
08/25/2013 1:00,0,10.642,0,10.642
08/25/2013 2:00,0,10.544,0,10.544
08/25/2013 3:00,0,10.4955,0,10.4955
08/25/2013 4:00,0,10.447,0,10.447
08/25/2013 5:00,0,10.447,0,10.447
08/25/2013 6:00,0,10.447,0,10.447
08/25/2013 7:00,0,10.4955,0,10.4955
08/25/2013 8:00,0,10.5935,0,10.5935
08/25/2013 9:00,0,10.6915,0,10.6915
08/25/2013 10:00,0,10.7885,0,10.7885
08/25/2013 11:00,0,10.7885,0,10.7885
08/25/2013 12:00,0,10.7885,0,10.7885
08/25/2013 13:00,0,10.886,0,10.886
08/25/2013 14:00,0,10.886,0,10.886
08/25/2013 15:00,0,10.886,0,10.886
08/25/2013 16:00,0,10.935,0,10.935
08/25/2013 17:00,0,10.935,0,10.935
08/25/2013 18:00,0,10.935,0,10.935
08/25/2013 19:00,0,10.838,0,10.838
08/25/2013 20:00,0,10.887,0,10.887
08/25/2013 21:00,0,10.7895,0,10.7895
08/25/2013 22:00,0,10.74,0,10.74
08/25/2013 23:00,0,10.6915,0,10.6915
08/26/2013 0:00,0,10.642,0,10.642
08/26/2013 1:00,0,10.642,0,10.642
08/26/2013 2:00,0,10.5935,0,10.5935
08/26/2013 3:00,0,10.544,0,10.544
08/26/2013 4:00,0,10.446,0,10.446
08/26/2013 5:00,0,10.2495,0,10.2495
08/26/2013 6:00,0,10.1515,0,10.1515
08/26/2013 7:00,0,10.201,0,10.201
08/26/2013 8:00,0,10.299,0,10.299
08/26/2013 9:00,0,10.3975,0,10.3975
08/26/2013 10:00,0,10.544,0,10.544
08/26/2013 11:00,0,10.8365,0,10.8365
08/26/2013 12:00,0,11.128,0,11.128
08/26/2013 13:00,0,11.3705,0,11.3705
08/26/2013 14:00,0,11.4185,0,11.4185
08/26/2013 15:00,0,11.3705,0,11.3705
08/26/2013 16:00,0,11.3225,0,11.3225
08/26/2013 17:00,0,11.274,0,11.274
08/26/2013 18:00,0,11.128,0,11.128
08/26/2013 19:00,0,11.08,0,11.08
08/26/2013 20:00,0,11.0315,0,11.0315
08/26/2013 21:00,0,10.9835,0,10.9835
08/26/2013 22:00,0,10.935,0,10.935
08/26/2013 23:00,0,10.886,0,10.886
08/27/2013 0:00,0,10.7885,0,10.7885
08/27/2013 1:00,0,10.74,0,10.74
08/27/2013 2:00,0,10.6905,0,10.6905
08/27/2013 3:00,0,10.642,0,10.642
08/27/2013 4:00,0,10.642,0,10.642
08/27/2013 5:00,0,10.642,0,10.642
08/27/2013 6:00,0,10.5935,0,10.5935
08/27/2013 7:00,0,10.5935,0,10.5935
08/27/2013 8:00,0,10.741,0,10.741
08/27/2013 9:00,0,10.9835,0,10.9835
08/27/2013 10:00,0,11.033,0,11.033
08/27/2013 11:00,0,11.081,0,11.081
08/27/2013 12:00,0,11.2755,0,11.2755
08/27/2013 13:00,0,11.2755,0,11.2755
08/27/2013 14:00,0,11.42,0,11.42
08/27/2013 15:00,0,11.469,0,11.469
08/27/2013 16:00,0,11.372,0,11.372
08/27/2013 17:00,0,11.372,0,11.372
08/27/2013 18:00,0,11.3235,0,11.3235
08/27/2013 19:00,0,11.1775,0,11.1775
08/27/2013 20:00,0,11.1775,0,11.1775
08/27/2013 21:00,0,11.1295,0,11.1295
08/27/2013 22:00,0,11.3245,0,11.3245
08/27/2013 23:00,0,11.6185,0,11.6185
08/28/2013 0:00,0,11.423,0,11.423
08/28/2013 1:00,0,11.2775,0,11.2775
08/28/2013 2:00,0,11.1795,0,11.1795
08/28/2013 3:00,0,11.034,0,11.034
08/28/2013 4:00,0,10.887,0,10.887
08/28/2013 5:00,0,10.7895,0,10.7895
08/28/2013 6:00,0,10.6915,0,10.6915
08/28/2013 7:00,0,10.6915,0,10.6915
08/28/2013 8:00,0,10.7895,0,10.7895
08/28/2013 9:00,0,10.9365,0,10.9365
08/28/2013 10:00,0,10.9365,0,10.9365
08/28/2013 11:00,0,11.034,0,11.034
08/28/2013 12:00,0,11.0825,0,11.0825
08/28/2013 13:00,0,11.1795,0,11.1795
08/28/2013 14:00,0,11.1305,0,11.1305
08/28/2013 15:00,0,11.081,0,11.081
08/28/2013 16:00,0,11.033,0,11.033
08/28/2013 17:00,0,10.9835,0,10.9835
08/28/2013 18:00,0,10.935,0,10.935
08/28/2013 19:00,0,10.838,0,10.838
08/28/2013 20:00,0,10.7895,0,10.7895
08/28/2013 21:00,0,10.6915,0,10.6915
08/28/2013 22:00,0,10.6915,0,10.6915
08/28/2013 23:00,0,10.642,0,10.642
08/29/2013 0:00,0,10.5935,0,10.5935
08/29/2013 1:00,0,10.545,0,10.545
08/29/2013 2:00,0,10.447,0,10.447
08/29/2013 3:00,0,10.447,0,10.447
08/29/2013 4:00,0,10.3985,0,10.3985
08/29/2013 5:00,0,10.3985,0,10.3985
08/29/2013 6:00,0,10.3975,0,10.3975
08/29/2013 7:00,0,10.3975,0,10.3975
08/29/2013 8:00,0,10.4955,0,10.4955
08/29/2013 9:00,0,10.5925,0,10.5925
08/29/2013 10:00,0,10.8365,0,10.8365
08/29/2013 11:00,0,11.031,0,11.031
08/29/2013 12:00,0,11.4185,0,11.4185
08/29/2013 13:00,0,11.517,0,11.517
08/29/2013 14:00,0,11.712,0,11.712
08/29/2013 15:00,0,12.0065,0,12.0065
08/29/2013 16:00,0,11.6135,0,11.6135
08/29/2013 17:00,0,11.372,0,11.372
08/29/2013 18:00,0,11.1765,0,11.1765
08/29/2013 19:00,0,10.9815,0,10.9815
08/29/2013 20:00,0,10.8355,0,10.8355
08/29/2013 21:00,0,10.6895,0,10.6895
08/29/2013 22:00,0,10.5925,0,10.5925
08/29/2013 23:00,0,10.4945,0,10.4945
08/30/2013 0:00,0,10.299,0,10.299
